"Promotion ID","Advertiser","Advertiser ID","Type","Code","Description","Starts","Ends","Categories","Regions","Terms","Deeplink Tracking","Deeplink","Commission Groups","Commission","Exclusive","Date Added","Title","Campaign"
"4121409","Kabum BR","17729","promotion","","Headset Jabra Evolve 20 Duo Ms Stereo Black - 4999-823-109 ","22/09/2026 00:00:00","22/09/2026 23:59:59","Creative & Construction","Brazil",".","https://www.awin1.com/cread.php?awinmid=17729&awinaffid=3077915&ued=https%3A%2F%2Fwww.kabum.com.br%2Fproduto%2F507668","https://www.kabum.com.br/produto/507668","","","no","22/09/2026 16:35:48","Headset Jabra Evolve 20 Duo Ms Stereo Black - 4999-823-109 ",""
"4121408","Kabum BR","17729","promotion","","Smart Tv 55"", Aoc, 4k Uhd, Roku, Hdr10, Wi-Fi - 55u7045/78g","22/09/2026 00:00:00","22/09/2026 23:59:59","Creative & Construction","Brazil",".","https://www.awin1.com/cread.php?awinmid=17729&awinaffid=3077915&ued=https%3A%2F%2Fwww.kabum.com.br%2Fproduto%2F903659","https://www.kabum.com.br/produto/903659","","","no","22/09/2026 16:35:38","Smart Tv 55"", Aoc, 4k Uhd, Roku, Hdr10, Wi-Fi - 55u7045/78g",""
"4121407","Kabum BR","17729","promotion","","Caixa De Som Jbl Boombox 3, 180w Rms, Bluetooth, Preto, Bivolt - 58035031","22/09/2026 00:00:00","22/09/2026 23:59:59","Creative & Construction","Brazil",".","https://www.awin1.com/cread.php?awinmid=17729&awinaffid=3077915&ued=https%3A%2F%2Fwww.kabum.com.br%2Fproduto%2F512337","https://www.kabum.com.br/produto/512337","","","no","22/09/2026 16:35:29","Caixa De Som Jbl Boombox 3, 180w Rms, Bluetooth, Preto, Bivolt - 58035031",""
"4121406","Kabum BR","17729","promotion","","Ssd Rise Mode Gamer Line, 120gb, Leitura: 530mb/S, Gravação: 520mb/S, Sata Iii, Preto - Rm-Ssd-120","22/09/2026 00:00:00","22/09/2026 23:59:59","Creative & Construction","Brazil",".","https://www.awin1.com/cread.php?awinmid=17729&awinaffid=3077915&ued=https%3A%2F%2Fwww.kabum.com.br%2Fproduto%2F173656","https://www.kabum.com.br/produto/173656","","","no","22/09/2026 16:35:21","Ssd Rise Mode Gamer Line, 120gb, Leitura: 530mb/S, Gravação: 520mb/S, Sata Iii, Preto - Rm-Ssd-120",""
"4121404","Kabum BR","17729","promotion","","Ssd 256gb M.2 Nvme Pcie 3.0 2000mbs Leit 1100mbs Grav Sgm256ss2k Sgmax","22/09/2026 00:00:00","22/09/2026 23:59:59","Creative & Construction","Brazil",".","https://www.awin1.com/cread.php?awinmid=17729&awinaffid=3077915&ued=https%3A%2F%2Fwww.kabum.com.br%2Fproduto%2F922183","https://www.kabum.com.br/produto/922183","","","no","22/09/2026 16:35:13","Ssd 256gb M.2 Nvme Pcie 3.0 2000mbs Leit 1100mbs Grav Sgm256ss2k Sgmax",""
"4121403","Kabum BR","17729","promotion","","Smartwatch Amazfit Bip 6 Amoled 1,97 Gps Bluetooth Calls, Resistente À Água 5 Atm Bateria Longa Duração","22/09/2026 00:00:00","22/09/2026 23:59:59","Creative & Construction","Brazil",".","https://www.awin1.com/cread.php?awinmid=17729&awinaffid=3077915&ued=https%3A%2F%2Fwww.kabum.com.br%2Fproduto%2F753178","https://www.kabum.com.br/produto/753178","","","no","22/09/2026 16:35:02","Smartwatch Amazfit Bip 6 Amoled 1,97 Gps Bluetooth Calls, Resistente À Água 5 Atm Bateria Longa Duração",""
"4121402","Kabum BR","17729","promotion","","Cabo De Força Energia Para Fonte Atx Tripolar 1.5m 3x0.5 Novo Padrão - Bivolt","22/09/2026 00:00:00","22/09/2026 23:59:59","Creative & Construction","Brazil",".","https://www.awin1.com/cread.php?awinmid=17729&awinaffid=3077915&ued=https%3A%2F%2Fwww.kabum.com.br%2Fproduto%2F887143","https://www.kabum.com.br/produto/887143","","","no","22/09/2026 16:34:51","Cabo De Força Energia Para Fonte Atx Tripolar 1.5m 3x0.5 Novo Padrão - Bivolt",""
"4121401","Kabum BR","17729","promotion","","Placa-Mãe Asus B760m-Ayw Wifi D4 Ii, Intel Lga 1700, Matx, Ddr4, Wi-Fi 6, Preto - 90mb1mg0-M0eay0","22/09/2026 00:00:00","22/09/2026 23:59:59","Creative & Construction","Brazil",".","https://www.awin1.com/cread.php?awinmid=17729&awinaffid=3077915&ued=https%3A%2F%2Fwww.kabum.com.br%2Fproduto%2F1012394","https://www.kabum.com.br/produto/1012394","","","no","22/09/2026 16:34:40","Placa-Mãe Asus B760m-Ayw Wifi D4 Ii, Intel Lga 1700, Matx, Ddr4, Wi-Fi 6, Preto - 90mb1mg0-M0eay0",""
"4121400","Kabum BR","17729","promotion","","Conversor Digital Hdtv Proeletronic, C/ Gravador, Entrada Usb, Função Multimídia P/ Filme E Música - Prodt-1270","22/09/2026 00:00:00","22/09/2026 23:59:59","Creative & Construction","Brazil",".","https://www.awin1.com/cread.php?awinmid=17729&awinaffid=3077915&ued=https%3A%2F%2Fwww.kabum.com.br%2Fproduto%2F456987","https://www.kabum.com.br/produto/456987","","","no","22/09/2026 16:34:31","Conversor Digital Hdtv Proeletronic, C/ Gravador, Entrada Usb, Função Multimídia P/ Filme E Música - Prodt-1270",""
"4121399","Kabum BR","17729","promotion","","Kit De Pilhas Alcalina Aaa + Aa 10 Unidades De Cada Lr036p20bp/59","22/09/2026 00:00:00","22/09/2026 23:59:59","Creative & Construction","Brazil",".","https://www.awin1.com/cread.php?awinmid=17729&awinaffid=3077915&ued=https%3A%2F%2Fwww.kabum.com.br%2Fproduto%2F283918","https://www.kabum.com.br/produto/283918","","","no","22/09/2026 16:34:22","Kit De Pilhas Alcalina Aaa + Aa 10 Unidades De Cada Lr036p20bp/59",""
"4121398","Kabum BR","17729","promotion","","Bateria Unipower Para Nobreak, Up1250-06c013, F187, 12v, 5.0ah.","22/09/2026 00:00:00","22/09/2026 23:59:59","Creative & Construction","Brazil",".","https://www.awin1.com/cread.php?awinmid=17729&awinaffid=3077915&ued=https%3A%2F%2Fwww.kabum.com.br%2Fproduto%2F203327","https://www.kabum.com.br/produto/203327","","","no","22/09/2026 16:34:12","Bateria Unipower Para Nobreak, Up1250-06c013, F187, 12v, 5.0ah.",""
"4121397","Kabum BR","17729","promotion","","Ssd 256gb 2.5 Sata 3 560mbs Leit 530mbs Grav Sgm256st Sgmax","22/09/2026 00:00:00","22/09/2026 23:59:59","Creative & Construction","Brazil",".","https://www.awin1.com/cread.php?awinmid=17729&awinaffid=3077915&ued=https%3A%2F%2Fwww.kabum.com.br%2Fproduto%2F903979","https://www.kabum.com.br/produto/903979","","","no","22/09/2026 16:34:01","Ssd 256gb 2.5 Sata 3 560mbs Leit 530mbs Grav Sgm256st Sgmax",""
"4121396","Kabum BR","17729","promotion","","Memória Adata Xpg 8gb Ddr5 5600mhz - Ad5s56008g-S","22/09/2026 00:00:00","22/09/2026 23:59:59","Creative & Construction","Brazil",".","https://www.awin1.com/cread.php?awinmid=17729&awinaffid=3077915&ued=https%3A%2F%2Fwww.kabum.com.br%2Fproduto%2F575908","https://www.kabum.com.br/produto/575908","","","no","22/09/2026 16:33:49","Memória Adata Xpg 8gb Ddr5 5600mhz - Ad5s56008g-S",""
"4121395","Kabum BR","17729","promotion","","Cadeira Gamer Mymax Mx0, Peso Suportado Até 120kg, Giratória, Preto - Mgch-Mx0/Bk","22/09/2026 00:00:00","22/09/2026 23:59:59","Creative & Construction","Brazil",".","https://www.awin1.com/cread.php?awinmid=17729&awinaffid=3077915&ued=https%3A%2F%2Fwww.kabum.com.br%2Fproduto%2F265790","https://www.kabum.com.br/produto/265790","","","no","22/09/2026 16:33:39","Cadeira Gamer Mymax Mx0, Peso Suportado Até 120kg, Giratória, Preto - Mgch-Mx0/Bk",""
"4121394","Kabum BR","17729","promotion","","Fonte Fortrek Black Hawk Atx, 400w, 80 Plus, Pfc Ativo.","22/09/2026 00:00:00","22/09/2026 23:59:59","Creative & Construction","Brazil",".","https://www.awin1.com/cread.php?awinmid=17729&awinaffid=3077915&ued=https%3A%2F%2Fwww.kabum.com.br%2Fproduto%2F163131","https://www.kabum.com.br/produto/163131","","","no","22/09/2026 16:33:30","Fonte Fortrek Black Hawk Atx, 400w, 80 Plus, Pfc Ativo.",""
"4121393","Kabum BR","17729","promotion","","Pen Drive 64gb, Multi Pd590 Twist, Usb 2.0","22/09/2026 00:00:00","22/09/2026 23:59:59","Creative & Construction","Brazil",".","https://www.awin1.com/cread.php?awinmid=17729&awinaffid=3077915&ued=https%3A%2F%2Fwww.kabum.com.br%2Fproduto%2F120075","https://www.kabum.com.br/produto/120075","","","no","22/09/2026 16:33:20","Pen Drive 64gb, Multi Pd590 Twist, Usb 2.0",""
"4121392","Kabum BR","17729","promotion","","Gabinete Gamer K-Mex Ghost Shark Mid Tower, Atx, Lateral E Frontal Em Vidro Temperado, Branco","22/09/2026 00:00:00","22/09/2026 23:59:59","Creative & Construction","Brazil",".","https://www.awin1.com/cread.php?awinmid=17729&awinaffid=3077915&ued=https%3A%2F%2Fwww.kabum.com.br%2Fproduto%2F568397","https://www.kabum.com.br/produto/568397","","","no","22/09/2026 16:33:08","Gabinete Gamer K-Mex Ghost Shark Mid Tower, Atx, Lateral E Frontal Em Vidro Temperado, Branco",""
"4121391","Kabum BR","17729","promotion","","Fone De Ouvido Earpods, Apple, Lightning","22/09/2026 00:00:00","22/09/2026 23:59:59","Creative & Construction","Brazil",".","https://www.awin1.com/cread.php?awinmid=17729&awinaffid=3077915&ued=https%3A%2F%2Fwww.kabum.com.br%2Fproduto%2F694730","https://www.kabum.com.br/produto/694730","","","no","22/09/2026 16:33:00","Fone De Ouvido Earpods, Apple, Lightning",""
"4121390","Kabum BR","17729","promotion","","Teclado E Mouse Sem Fio Logitech Mk235, Layout Abnt2, Usb, Preto E Cinza - 920-007903","22/09/2026 00:00:00","22/09/2026 23:59:59","Creative & Construction","Brazil",".","https://www.awin1.com/cread.php?awinmid=17729&awinaffid=3077915&ued=https%3A%2F%2Fwww.kabum.com.br%2Fproduto%2F172070","https://www.kabum.com.br/produto/172070","","","no","22/09/2026 16:32:52","Teclado E Mouse Sem Fio Logitech Mk235, Layout Abnt2, Usb, Preto E Cinza - 920-007903",""
"4121389","Kabum BR","17729","promotion","","Placa Mãe Intel B85 Micro-Atx Lga 1150 Dimm 16gb Ram Ddr3 4 Portas Sata Iii Usb 3.0","22/09/2026 00:00:00","22/09/2026 23:59:59","Creative & Construction","Brazil",".","https://www.awin1.com/cread.php?awinmid=17729&awinaffid=3077915&ued=https%3A%2F%2Fwww.kabum.com.br%2Fproduto%2F609751","https://www.kabum.com.br/produto/609751","","","no","22/09/2026 16:32:42","Placa Mãe Intel B85 Micro-Atx Lga 1150 Dimm 16gb Ram Ddr3 4 Portas Sata Iii Usb 3.0",""
"4121388","Kabum BR","17729","promotion","","Cadeira Gamer Redragon Heth, C313-B - Preto","22/09/2026 00:00:00","22/09/2026 23:59:59","Creative & Construction","Brazil",".","https://www.awin1.com/cread.php?awinmid=17729&awinaffid=3077915&ued=https%3A%2F%2Fwww.kabum.com.br%2Fproduto%2F537130","https://www.kabum.com.br/produto/537130","","","no","22/09/2026 16:32:32","Cadeira Gamer Redragon Heth, C313-B - Preto",""
"4121387","Kabum BR","17729","promotion","","Suporte Para Notebook De 9 A 17 Polegadas Multi, Com Cooler 12cm, Com Led E Usb, Preto - Ac166","22/09/2026 00:00:00","22/09/2026 23:59:59","Creative & Construction","Brazil",".","https://www.awin1.com/cread.php?awinmid=17729&awinaffid=3077915&ued=https%3A%2F%2Fwww.kabum.com.br%2Fproduto%2F148484","https://www.kabum.com.br/produto/148484","","","no","22/09/2026 16:32:22","Suporte Para Notebook De 9 A 17 Polegadas Multi, Com Cooler 12cm, Com Led E Usb, Preto - Ac166",""
"4121386","Kabum BR","17729","promotion","","Cadeira Gamer Mymax, Mx5, Até 150kg, Giratória Branco E Verde","22/09/2026 00:00:00","22/09/2026 23:59:59","Creative & Construction","Brazil",".","https://www.awin1.com/cread.php?awinmid=17729&awinaffid=3077915&ued=https%3A%2F%2Fwww.kabum.com.br%2Fproduto%2F446651","https://www.kabum.com.br/produto/446651","","","no","22/09/2026 16:32:14","Cadeira Gamer Mymax, Mx5, Até 150kg, Giratória Branco E Verde",""
"4121385","Kabum BR","17729","promotion","","Ventoinha Rise Mode Galaxy Motherboard 120mm Arbg 1500rpm Preto - Rm-Mb-01-5v","22/09/2026 00:00:00","22/09/2026 23:59:59","Creative & Construction","Brazil",".","https://www.awin1.com/cread.php?awinmid=17729&awinaffid=3077915&ued=https%3A%2F%2Fwww.kabum.com.br%2Fproduto%2F194912","https://www.kabum.com.br/produto/194912","","","no","22/09/2026 16:32:05","Ventoinha Rise Mode Galaxy Motherboard 120mm Arbg 1500rpm Preto - Rm-Mb-01-5v",""
"4121384","Kabum BR","17729","promotion","","Fonte Aerocool Gamer, 500w, 80 Plus Bronze, Pfc Ativo, Full Range, Kcas","22/09/2026 00:00:00","22/09/2026 23:59:59","Creative & Construction","Brazil",".","https://www.awin1.com/cread.php?awinmid=17729&awinaffid=3077915&ued=https%3A%2F%2Fwww.kabum.com.br%2Fproduto%2F149757","https://www.kabum.com.br/produto/149757","","","no","22/09/2026 16:31:56","Fonte Aerocool Gamer, 500w, 80 Plus Bronze, Pfc Ativo, Full Range, Kcas",""
"4121383","Kabum BR","17729","promotion","","Fone De Ouvido Intra Auricular Gamer Pcyes Nebulla Driver 1dd 10mm - Cabo 1,6m C/ Microfone","22/09/2026 00:00:00","22/09/2026 23:59:59","Creative & Construction","Brazil",".","https://www.awin1.com/cread.php?awinmid=17729&awinaffid=3077915&ued=https%3A%2F%2Fwww.kabum.com.br%2Fproduto%2F658854","https://www.kabum.com.br/produto/658854","","","no","22/09/2026 16:31:47","Fone De Ouvido Intra Auricular Gamer Pcyes Nebulla Driver 1dd 10mm - Cabo 1,6m C/ Microfone",""
"4121382","Kabum BR","17729","promotion","","Fone De Ouvido Intra Auricular Jbl Tune 110, Com Fio, Microfone, Conector 3.5mm, Preto - Jblt110blk","22/09/2026 00:00:00","22/09/2026 23:59:59","Creative & Construction","Brazil",".","https://www.awin1.com/cread.php?awinmid=17729&awinaffid=3077915&ued=https%3A%2F%2Fwww.kabum.com.br%2Fproduto%2F119239","https://www.kabum.com.br/produto/119239","","","no","22/09/2026 16:31:38","Fone De Ouvido Intra Auricular Jbl Tune 110, Com Fio, Microfone, Conector 3.5mm, Preto - Jblt110blk",""
"4121381","Kabum BR","17729","promotion","","Mouse Gamer Sem Fio Attack Shark X3 Tri-Mode, 26.000 Dpi, Sensor Óptico Paw3395, 6 Botões Programáveis - Branco","22/09/2026 00:00:00","22/09/2026 23:59:59","Creative & Construction","Brazil",".","https://www.awin1.com/cread.php?awinmid=17729&awinaffid=3077915&ued=https%3A%2F%2Fwww.kabum.com.br%2Fproduto%2F998980","https://www.kabum.com.br/produto/998980","","","no","22/09/2026 16:31:29","Mouse Gamer Sem Fio Attack Shark X3 Tri-Mode, 26.000 Dpi, Sensor Óptico Paw3395, 6 Botões Programáveis - Branco",""
"4121380","Kabum BR","17729","promotion","","Caixa De Som Com Subwoofer, 34w Rms, Usb, Bluetooth, Bivolt, Controle De Faixa, Graves E Volume - M206bt Edifier","22/09/2026 00:00:00","22/09/2026 23:59:59","Creative & Construction","Brazil",".","https://www.awin1.com/cread.php?awinmid=17729&awinaffid=3077915&ued=https%3A%2F%2Fwww.kabum.com.br%2Fproduto%2F935297","https://www.kabum.com.br/produto/935297","","","no","22/09/2026 16:31:20","Caixa De Som Com Subwoofer, 34w Rms, Usb, Bluetooth, Bivolt, Controle De Faixa, Graves E Volume - M206bt Edifier",""
"4121379","Kabum BR","17729","promotion","","Switch Comutador Ugreen Usb A/C 3.0 2 In 4 Preto/Cinza","22/09/2026 00:00:00","22/09/2026 23:59:59","Creative & Construction","Brazil",".","https://www.awin1.com/cread.php?awinmid=17729&awinaffid=3077915&ued=https%3A%2F%2Fwww.kabum.com.br%2Fproduto%2F819579","https://www.kabum.com.br/produto/819579","","","no","22/09/2026 16:31:12","Switch Comutador Ugreen Usb A/C 3.0 2 In 4 Preto/Cinza",""
"4121378","Kabum BR","17729","promotion","","Pen Drive Kingston Datatraveler Exodia M 256gb, Usb 3.2 - Dtxm/256gb","22/09/2026 00:00:00","22/09/2026 23:59:59","Creative & Construction","Brazil",".","https://www.awin1.com/cread.php?awinmid=17729&awinaffid=3077915&ued=https%3A%2F%2Fwww.kabum.com.br%2Fproduto%2F474494","https://www.kabum.com.br/produto/474494","","","no","22/09/2026 16:31:03","Pen Drive Kingston Datatraveler Exodia M 256gb, Usb 3.2 - Dtxm/256gb",""
"4121377","Kabum BR","17729","promotion","","Monitor Brazilpc 19"" Led, 60hz, 5ms, Hdmi, Vga, Widescreen, Preto - Bpc-19we02-B","22/09/2026 00:00:00","22/09/2026 23:59:59","Creative & Construction","Brazil",".","https://www.awin1.com/cread.php?awinmid=17729&awinaffid=3077915&ued=https%3A%2F%2Fwww.kabum.com.br%2Fproduto%2F585837","https://www.kabum.com.br/produto/585837","","","no","22/09/2026 16:30:54","Monitor Brazilpc 19"" Led, 60hz, 5ms, Hdmi, Vga, Widescreen, Preto - Bpc-19we02-B",""
"4121376","Kabum BR","17729","promotion","","Pen Drive 16gb Sandisk Cruzer Blade, Usb 2.0, Z50","22/09/2026 00:00:00","22/09/2026 23:59:59","Creative & Construction","Brazil",".","https://www.awin1.com/cread.php?awinmid=17729&awinaffid=3077915&ued=https%3A%2F%2Fwww.kabum.com.br%2Fproduto%2F197014","https://www.kabum.com.br/produto/197014","","","no","22/09/2026 16:30:43","Pen Drive 16gb Sandisk Cruzer Blade, Usb 2.0, Z50",""
"4121375","Kabum BR","17729","promotion","","Monitor Enterprise, 15.4"" Led, Vga, Hdmi, Widescreen, Preto - 15epr-Xie","22/09/2026 00:00:00","22/09/2026 23:59:59","Creative & Construction","Brazil",".","https://www.awin1.com/cread.php?awinmid=17729&awinaffid=3077915&ued=https%3A%2F%2Fwww.kabum.com.br%2Fproduto%2F614343","https://www.kabum.com.br/produto/614343","","","no","22/09/2026 16:30:34","Monitor Enterprise, 15.4"" Led, Vga, Hdmi, Widescreen, Preto - 15epr-Xie",""
"4121374","Kabum BR","17729","promotion","","Nobreak Sms Lite, 1200va, 6 Tomadas, Monovolt 115v - 1200s - 0029203","22/09/2026 00:00:00","22/09/2026 23:59:59","Creative & Construction","Brazil",".","https://www.awin1.com/cread.php?awinmid=17729&awinaffid=3077915&ued=https%3A%2F%2Fwww.kabum.com.br%2Fproduto%2F507800","https://www.kabum.com.br/produto/507800","","","no","22/09/2026 16:30:22","Nobreak Sms Lite, 1200va, 6 Tomadas, Monovolt 115v - 1200s - 0029203",""
"4121373","Kabum BR","17729","promotion","","Nobreak Sms Tech 700va/350w, Interativo, Ent 115/ 220v, Sai 115v - 29301","22/09/2026 00:00:00","22/09/2026 23:59:59","Creative & Construction","Brazil",".","https://www.awin1.com/cread.php?awinmid=17729&awinaffid=3077915&ued=https%3A%2F%2Fwww.kabum.com.br%2Fproduto%2F474416","https://www.kabum.com.br/produto/474416","","","no","22/09/2026 16:30:11","Nobreak Sms Tech 700va/350w, Interativo, Ent 115/ 220v, Sai 115v - 29301",""
"4121372","Kabum BR","17729","promotion","","Gabinete Gamer Rise Mode Glass 06x, Mid Tower, Atx, Lateral Em Vidro Fumê E Frontal Em Vidro Temperado, Sem Fans, Preto - Rm-Ca-06x-Fb","22/09/2026 00:00:00","22/09/2026 23:59:59","Creative & Construction","Brazil",".","https://www.awin1.com/cread.php?awinmid=17729&awinaffid=3077915&ued=https%3A%2F%2Fwww.kabum.com.br%2Fproduto%2F404503","https://www.kabum.com.br/produto/404503","","","no","22/09/2026 16:29:59","Gabinete Gamer Rise Mode Glass 06x, Mid Tower, Atx, Lateral Em Vidro Fumê E Frontal Em Vidro Temperado, Sem Fans, Preto - Rm-Ca-06x-Fb",""
"4121371","Kabum BR","17729","promotion","","Case/Gaveta Ugreen Para Ssd Mvme Sata Com Usb-C 10gbps Prata - Cm767","22/09/2026 00:00:00","22/09/2026 23:59:59","Creative & Construction","Brazil",".","https://www.awin1.com/cread.php?awinmid=17729&awinaffid=3077915&ued=https%3A%2F%2Fwww.kabum.com.br%2Fproduto%2F696017","https://www.kabum.com.br/produto/696017","","","no","22/09/2026 16:29:50","Case/Gaveta Ugreen Para Ssd Mvme Sata Com Usb-C 10gbps Prata - Cm767",""
"4121370","Kabum BR","17729","promotion","","Mini Rack Desmontável De Parede 8u - 19 X 570mm - Intelbras Mrd 857","22/09/2026 00:00:00","22/09/2026 23:59:59","Creative & Construction","Brazil",".","https://www.awin1.com/cread.php?awinmid=17729&awinaffid=3077915&ued=https%3A%2F%2Fwww.kabum.com.br%2Fproduto%2F303758","https://www.kabum.com.br/produto/303758","","","no","22/09/2026 16:29:40","Mini Rack Desmontável De Parede 8u - 19 X 570mm - Intelbras Mrd 857",""
"4121369","Kabum BR","17729","promotion","","Fone De Ouvido Gamer Lenovo Think Livepods Gm2 Pro, Bluetooth, Preto","22/09/2026 00:00:00","22/09/2026 23:59:59","Creative & Construction","Brazil",".","https://www.awin1.com/cread.php?awinmid=17729&awinaffid=3077915&ued=https%3A%2F%2Fwww.kabum.com.br%2Fproduto%2F498842","https://www.kabum.com.br/produto/498842","","","no","22/09/2026 16:29:30","Fone De Ouvido Gamer Lenovo Think Livepods Gm2 Pro, Bluetooth, Preto",""
"4121368","Kabum BR","17729","promotion","","Headset Usb Uh34 Lite Mono Teams Ylk.68.5131 Yealink - Preto","22/09/2026 00:00:00","22/09/2026 23:59:59","Creative & Construction","Brazil",".","https://www.awin1.com/cread.php?awinmid=17729&awinaffid=3077915&ued=https%3A%2F%2Fwww.kabum.com.br%2Fproduto%2F616494","https://www.kabum.com.br/produto/616494","","","no","22/09/2026 16:29:20","Headset Usb Uh34 Lite Mono Teams Ylk.68.5131 Yealink - Preto",""
"4121366","Kabum BR","17729","promotion","","Dock Station Usb 3.0 - Hd Sata 2.5 E 3.5 - Preto - Mymax","22/09/2026 00:00:00","22/09/2026 23:59:59","Creative & Construction","Brazil",".","https://www.awin1.com/cread.php?awinmid=17729&awinaffid=3077915&ued=https%3A%2F%2Fwww.kabum.com.br%2Fproduto%2F352491","https://www.kabum.com.br/produto/352491","","","no","22/09/2026 16:29:06","Dock Station Usb 3.0 - Hd Sata 2.5 E 3.5 - Preto - Mymax",""
"4121365","Kabum BR","17729","promotion","","Controle Sem Fio Compatível Com Play4 Ps4 Playstation 4 / Slim / Pro / Pc E Smart Tvs Samsung Cor Verde Camuflado","22/09/2026 00:00:00","22/09/2026 23:59:59","Creative & Construction","Brazil",".","https://www.awin1.com/cread.php?awinmid=17729&awinaffid=3077915&ued=https%3A%2F%2Fwww.kabum.com.br%2Fproduto%2F985082","https://www.kabum.com.br/produto/985082","","","no","22/09/2026 16:28:56","Controle Sem Fio Compatível Com Play4 Ps4 Playstation 4 / Slim / Pro / Pc E Smart Tvs Samsung Cor Verde Camuflado",""
"4121364","Kabum BR","17729","promotion","","Pen Drive Cruzer Blade, Usb 2.0 32gb Sdcz50-032g-B35 - Sandisk.","22/09/2026 00:00:00","22/09/2026 23:59:59","Creative & Construction","Brazil",".","https://www.awin1.com/cread.php?awinmid=17729&awinaffid=3077915&ued=https%3A%2F%2Fwww.kabum.com.br%2Fproduto%2F163300","https://www.kabum.com.br/produto/163300","","","no","22/09/2026 16:28:47","Pen Drive Cruzer Blade, Usb 2.0 32gb Sdcz50-032g-B35 - Sandisk.",""
"4121363","Kabum BR","17729","promotion","","Processador Intel Core I5-10400, 2.90ghz (4.3ghz Turbo), Hexa Core, Cache 12mb, Lga 1200 - Bx8070110400","22/09/2026 00:00:00","22/09/2026 23:59:59","Creative & Construction","Brazil",".","https://www.awin1.com/cread.php?awinmid=17729&awinaffid=3077915&ued=https%3A%2F%2Fwww.kabum.com.br%2Fproduto%2F162098","https://www.kabum.com.br/produto/162098","","","no","22/09/2026 16:28:38","Processador Intel Core I5-10400, 2.90ghz (4.3ghz Turbo), Hexa Core, Cache 12mb, Lga 1200 - Bx8070110400",""
"4121362","Kabum BR","17729","promotion","","Pc Gamer Amd Ryzen 5 5500| 16gb| (Rtx 4060 8gb)| Ssd 480gb| 600w| Watercooler| Neologic By Blue| Nli86309","22/09/2026 00:00:00","22/09/2026 23:59:59","Creative & Construction","Brazil",".","https://www.awin1.com/cread.php?awinmid=17729&awinaffid=3077915&ued=https%3A%2F%2Fwww.kabum.com.br%2Fproduto%2F525605","https://www.kabum.com.br/produto/525605","","","no","22/09/2026 16:28:29","Pc Gamer Amd Ryzen 5 5500| 16gb| (Rtx 4060 8gb)| Ssd 480gb| 600w| Watercooler| Neologic By Blue| Nli86309",""
"4121361","Kabum BR","17729","promotion","","Cadeira Gamer Mymax Mx12, Até 150 Kg, Giratória, Preto E Azul","22/09/2026 00:00:00","22/09/2026 23:59:59","Creative & Construction","Brazil",".","https://www.awin1.com/cread.php?awinmid=17729&awinaffid=3077915&ued=https%3A%2F%2Fwww.kabum.com.br%2Fproduto%2F154466","https://www.kabum.com.br/produto/154466","","","no","22/09/2026 16:28:19","Cadeira Gamer Mymax Mx12, Até 150 Kg, Giratória, Preto E Azul",""
"4121360","Kabum BR","17729","promotion","","Microfone Gamer Usb Rgb Condensador, Cardioide, Plug & Play Para Pc E Streaming, Gravação Alta Qualidade Mt-1060r","22/09/2026 00:00:00","22/09/2026 23:59:59","Creative & Construction","Brazil",".","https://www.awin1.com/cread.php?awinmid=17729&awinaffid=3077915&ued=https%3A%2F%2Fwww.kabum.com.br%2Fproduto%2F776824","https://www.kabum.com.br/produto/776824","","","no","22/09/2026 16:28:10","Microfone Gamer Usb Rgb Condensador, Cardioide, Plug & Play Para Pc E Streaming, Gravação Alta Qualidade Mt-1060r",""
"4121359","Kabum BR","17729","promotion","","Cadeira Gamer Mymax Mx12, Peso Máximo Suportado: 150kg, Giratória, Preto/Branco","22/09/2026 00:00:00","22/09/2026 23:59:59","Creative & Construction","Brazil",".","https://www.awin1.com/cread.php?awinmid=17729&awinaffid=3077915&ued=https%3A%2F%2Fwww.kabum.com.br%2Fproduto%2F164794","https://www.kabum.com.br/produto/164794","","","no","22/09/2026 16:28:01","Cadeira Gamer Mymax Mx12, Peso Máximo Suportado: 150kg, Giratória, Preto/Branco",""
"4121358","Kabum BR","17729","promotion","","Placa Mãe Gigabyte H610m H V3 Ddr4 Lga 1700 2xddr4 Chipset H610 Matx","22/09/2026 00:00:00","22/09/2026 23:59:59","Creative & Construction","Brazil",".","https://www.awin1.com/cread.php?awinmid=17729&awinaffid=3077915&ued=https%3A%2F%2Fwww.kabum.com.br%2Fproduto%2F644839","https://www.kabum.com.br/produto/644839","","","no","22/09/2026 16:27:51","Placa Mãe Gigabyte H610m H V3 Ddr4 Lga 1700 2xddr4 Chipset H610 Matx",""
"4121357","Kabum BR","17729","promotion","","Escrivaninha Em L Mesa Para Computador Gamer 3 Gavetas Branco/Rustic Lisboa Madesa","22/09/2026 00:00:00","22/09/2026 23:59:59","Creative & Construction","Brazil",".","https://www.awin1.com/cread.php?awinmid=17729&awinaffid=3077915&ued=https%3A%2F%2Fwww.kabum.com.br%2Fproduto%2F734695","https://www.kabum.com.br/produto/734695","","","no","22/09/2026 16:27:20","Escrivaninha Em L Mesa Para Computador Gamer 3 Gavetas Branco/Rustic Lisboa Madesa",""
"4121356","Kabum BR","17729","promotion","","Drive Ssd Sata3 2.5 Crucial, 240gb - Ct240bx500ssd1","22/09/2026 00:00:00","22/09/2026 23:59:59","Creative & Construction","Brazil",".","https://www.awin1.com/cread.php?awinmid=17729&awinaffid=3077915&ued=https%3A%2F%2Fwww.kabum.com.br%2Fproduto%2F158852","https://www.kabum.com.br/produto/158852","","","no","22/09/2026 16:27:10","Drive Ssd Sata3 2.5 Crucial, 240gb - Ct240bx500ssd1",""
"4121355","Kabum BR","17729","promotion","","Cadeira Gamer Mymax Mx5, Até 150 Kg, Giratória, Preta E Vermelha","22/09/2026 00:00:00","22/09/2026 23:59:59","Creative & Construction","Brazil",".","https://www.awin1.com/cread.php?awinmid=17729&awinaffid=3077915&ued=https%3A%2F%2Fwww.kabum.com.br%2Fproduto%2F354731","https://www.kabum.com.br/produto/354731","","","no","22/09/2026 16:27:01","Cadeira Gamer Mymax Mx5, Até 150 Kg, Giratória, Preta E Vermelha",""
"4121354","Kabum BR","17729","promotion","","Placa De Rede Tp-Link Ac1200 Wireless, Dual Band Archer Pci Express - T4e 2916","22/09/2026 00:00:00","22/09/2026 23:59:59","Creative & Construction","Brazil",".","https://www.awin1.com/cread.php?awinmid=17729&awinaffid=3077915&ued=https%3A%2F%2Fwww.kabum.com.br%2Fproduto%2F213982","https://www.kabum.com.br/produto/213982","","","no","22/09/2026 16:26:52","Placa De Rede Tp-Link Ac1200 Wireless, Dual Band Archer Pci Express - T4e 2916",""
"4121353","Kabum BR","17729","promotion","","Cadeira Gamer Draxen Dn2, 150 Kg, Altura Ajustáveis, Reclinação, Com Almofadas, Preto","22/09/2026 00:00:00","22/09/2026 23:59:59","Creative & Construction","Brazil",".","https://www.awin1.com/cread.php?awinmid=17729&awinaffid=3077915&ued=https%3A%2F%2Fwww.kabum.com.br%2Fproduto%2F175912","https://www.kabum.com.br/produto/175912","","","no","22/09/2026 16:26:44","Cadeira Gamer Draxen Dn2, 150 Kg, Altura Ajustáveis, Reclinação, Com Almofadas, Preto",""
"4121352","Kabum BR","17729","promotion","","Placa Mãe Msi Pro B840m-P Wifi6e, Chipset B840, Amd Am5, Matx, Ddr5","22/09/2026 00:00:00","22/09/2026 23:59:59","Creative & Construction","Brazil",".","https://www.awin1.com/cread.php?awinmid=17729&awinaffid=3077915&ued=https%3A%2F%2Fwww.kabum.com.br%2Fproduto%2F939373","https://www.kabum.com.br/produto/939373","","","no","22/09/2026 16:26:35","Placa Mãe Msi Pro B840m-P Wifi6e, Chipset B840, Amd Am5, Matx, Ddr5",""
"4121351","Kabum BR","17729","promotion","","Monitor Gamer 27” 200hz 1ms Full Hd Rosa Aitek Delta M2713ra Freesync G-Sync Hdmi Dp","22/09/2026 00:00:00","22/09/2026 23:59:59","Creative & Construction","Brazil",".","https://www.awin1.com/cread.php?awinmid=17729&awinaffid=3077915&ued=https%3A%2F%2Fwww.kabum.com.br%2Fproduto%2F956231","https://www.kabum.com.br/produto/956231","","","no","22/09/2026 16:26:25","Monitor Gamer 27” 200hz 1ms Full Hd Rosa Aitek Delta M2713ra Freesync G-Sync Hdmi Dp",""
"4121350","Kabum BR","17729","promotion","","Memória Kingston Sodimm, 8gb, 3200mhz, Ddr4, 1.2v - Kvr32s22s6/8","22/09/2026 00:00:00","22/09/2026 23:59:59","Creative & Construction","Brazil",".","https://www.awin1.com/cread.php?awinmid=17729&awinaffid=3077915&ued=https%3A%2F%2Fwww.kabum.com.br%2Fproduto%2F390564","https://www.kabum.com.br/produto/390564","","","no","22/09/2026 16:26:16","Memória Kingston Sodimm, 8gb, 3200mhz, Ddr4, 1.2v - Kvr32s22s6/8",""
"4121349","Kabum BR","17729","promotion","","Echo Dot (5ª Geração) Amazon, Com Alexa, Smart Speaker, Branca","22/09/2026 00:00:00","22/09/2026 23:59:59","Creative & Construction","Brazil",".","https://www.awin1.com/cread.php?awinmid=17729&awinaffid=3077915&ued=https%3A%2F%2Fwww.kabum.com.br%2Fproduto%2F467286","https://www.kabum.com.br/produto/467286","","","no","22/09/2026 16:26:07","Echo Dot (5ª Geração) Amazon, Com Alexa, Smart Speaker, Branca",""
"4121348","Kabum BR","17729","promotion","","Cooler Para Gabinete Rise Mode Hex Turbine 120mm Arbg 2000rpm - Rm-H-Argb-Tor-B","22/09/2026 00:00:00","22/09/2026 23:59:59","Creative & Construction","Brazil",".","https://www.awin1.com/cread.php?awinmid=17729&awinaffid=3077915&ued=https%3A%2F%2Fwww.kabum.com.br%2Fproduto%2F628188","https://www.kabum.com.br/produto/628188","","","no","22/09/2026 16:25:58","Cooler Para Gabinete Rise Mode Hex Turbine 120mm Arbg 2000rpm - Rm-H-Argb-Tor-B",""
"4121347","Kabum BR","17729","promotion","","Monitor Mymax 21.5'' Resolução: 1920 X. 1080 Tempo De Resposta: 5 Ms Full Hd, Hdmi, Vga 100/240v","22/09/2026 00:00:00","22/09/2026 23:59:59","Creative & Construction","Brazil",".","https://www.awin1.com/cread.php?awinmid=17729&awinaffid=3077915&ued=https%3A%2F%2Fwww.kabum.com.br%2Fproduto%2F396491","https://www.kabum.com.br/produto/396491","","","no","22/09/2026 16:25:48","Monitor Mymax 21.5'' Resolução: 1920 X. 1080 Tempo De Resposta: 5 Ms Full Hd, Hdmi, Vga 100/240v",""
"4121346","Kabum BR","17729","promotion","","Controlador De Fan E Hub Deepcool Fh-10, Com 10 Saídas, 3 E 4 Pinos, Função Pwm - Dp-F10pwm-Hub","22/09/2026 00:00:00","22/09/2026 23:59:59","Creative & Construction","Brazil",".","https://www.awin1.com/cread.php?awinmid=17729&awinaffid=3077915&ued=https%3A%2F%2Fwww.kabum.com.br%2Fproduto%2F188305","https://www.kabum.com.br/produto/188305","","","no","22/09/2026 16:25:39","Controlador De Fan E Hub Deepcool Fh-10, Com 10 Saídas, 3 E 4 Pinos, Função Pwm - Dp-F10pwm-Hub",""
"4121345","Kabum BR","17729","promotion","","Mini Pc Cpu Intel Core I5 4570 +16gb Ram+ Ssd 240gb+Wifi+Win 11","22/09/2026 00:00:00","22/09/2026 23:59:59","Creative & Construction","Brazil",".","https://www.awin1.com/cread.php?awinmid=17729&awinaffid=3077915&ued=https%3A%2F%2Fwww.kabum.com.br%2Fproduto%2F871137","https://www.kabum.com.br/produto/871137","","","no","22/09/2026 16:25:30","Mini Pc Cpu Intel Core I5 4570 +16gb Ram+ Ssd 240gb+Wifi+Win 11",""
"4121344","Kabum BR","17729","promotion","","Adaptador Usb Tipo C 5 Em 1 Hdmi 4k 3 Usb 3.0 Usb-C Pd 100w - 15596","22/09/2026 00:00:00","22/09/2026 23:59:59","Creative & Construction","Brazil",".","https://www.awin1.com/cread.php?awinmid=17729&awinaffid=3077915&ued=https%3A%2F%2Fwww.kabum.com.br%2Fproduto%2F514482","https://www.kabum.com.br/produto/514482","","","no","22/09/2026 16:25:20","Adaptador Usb Tipo C 5 Em 1 Hdmi 4k 3 Usb 3.0 Usb-C Pd 100w - 15596",""
"4121343","Kabum BR","17729","promotion","","Placa De Vídeo Galax Geforce Gt 730, 4gb, Ddr3, 128bits - 73gqf8hx00hd","22/09/2026 00:00:00","22/09/2026 23:59:59","Creative & Construction","Brazil",".","https://www.awin1.com/cread.php?awinmid=17729&awinaffid=3077915&ued=https%3A%2F%2Fwww.kabum.com.br%2Fproduto%2F520149","https://www.kabum.com.br/produto/520149","","","no","22/09/2026 16:25:10","Placa De Vídeo Galax Geforce Gt 730, 4gb, Ddr3, 128bits - 73gqf8hx00hd",""
"4121342","Kabum BR","17729","promotion","","Hd Externo Seagate Expansion, Ps4, Xbox, 1tb - Stgx1000400","22/09/2026 00:00:00","22/09/2026 23:59:59","Creative & Construction","Brazil",".","https://www.awin1.com/cread.php?awinmid=17729&awinaffid=3077915&ued=https%3A%2F%2Fwww.kabum.com.br%2Fproduto%2F586382","https://www.kabum.com.br/produto/586382","","","no","22/09/2026 16:25:00","Hd Externo Seagate Expansion, Ps4, Xbox, 1tb - Stgx1000400",""
"4121341","Kabum BR","17729","promotion","","Processador Intel Core Ultra 7 265kf Arrow Lake 3.9ghz 5.5ghz","22/09/2026 00:00:00","22/09/2026 23:59:59","Creative & Construction","Brazil",".","https://www.awin1.com/cread.php?awinmid=17729&awinaffid=3077915&ued=https%3A%2F%2Fwww.kabum.com.br%2Fproduto%2F677875","https://www.kabum.com.br/produto/677875","","","no","22/09/2026 16:24:50","Processador Intel Core Ultra 7 265kf Arrow Lake 3.9ghz 5.5ghz",""
"4121340","Kabum BR","17729","promotion","","Caixa De Som Para Pc, 32w Rms, Design Transparente, Bluetooth 5.4, Rgb Interativo, Bivolt | G2000 Pro Edifier - Branco","22/09/2026 00:00:00","22/09/2026 23:59:59","Creative & Construction","Brazil",".","https://www.awin1.com/cread.php?awinmid=17729&awinaffid=3077915&ued=https%3A%2F%2Fwww.kabum.com.br%2Fproduto%2F988942","https://www.kabum.com.br/produto/988942","","","no","22/09/2026 16:24:39","Caixa De Som Para Pc, 32w Rms, Design Transparente, Bluetooth 5.4, Rgb Interativo, Bivolt | G2000 Pro Edifier - Branco",""
"4121339","Kabum BR","17729","promotion","","Gabinete K-Mex Gm-02ck Slim, Micro Atx, Usb, Com Fonte E Cabo","22/09/2026 00:00:00","22/09/2026 23:59:59","Creative & Construction","Brazil",".","https://www.awin1.com/cread.php?awinmid=17729&awinaffid=3077915&ued=https%3A%2F%2Fwww.kabum.com.br%2Fproduto%2F482297","https://www.kabum.com.br/produto/482297","","","no","22/09/2026 16:24:31","Gabinete K-Mex Gm-02ck Slim, Micro Atx, Usb, Com Fonte E Cabo",""
"4121338","Kabum BR","17729","promotion","","Mouse Gamer Attack Shark X3 Pro 4k/8k Wireless Tri-Mode Paw3395 26.000 Dpi, Vermelho","22/09/2026 00:00:00","22/09/2026 23:59:59","Creative & Construction","Brazil",".","https://www.awin1.com/cread.php?awinmid=17729&awinaffid=3077915&ued=https%3A%2F%2Fwww.kabum.com.br%2Fproduto%2F1028955","https://www.kabum.com.br/produto/1028955","","","no","22/09/2026 16:24:23","Mouse Gamer Attack Shark X3 Pro 4k/8k Wireless Tri-Mode Paw3395 26.000 Dpi, Vermelho",""
"4121337","Kabum BR","17729","promotion","","Gabinete Gamer Rise Mode Wave Black, Mid Tower, Lateral Em Vidro Fumê, Argb, Atx, 3 Cooler Fan Argb, Preto - Rm-Wa-Fb-Argb","22/09/2026 00:00:00","22/09/2026 23:59:59","Creative & Construction","Brazil",".","https://www.awin1.com/cread.php?awinmid=17729&awinaffid=3077915&ued=https%3A%2F%2Fwww.kabum.com.br%2Fproduto%2F895139","https://www.kabum.com.br/produto/895139","","","no","22/09/2026 16:24:14","Gabinete Gamer Rise Mode Wave Black, Mid Tower, Lateral Em Vidro Fumê, Argb, Atx, 3 Cooler Fan Argb, Preto - Rm-Wa-Fb-Argb",""
"4121336","Kabum BR","17729","promotion","","Nobreak Sms Tech 800va/400w, Interativo, Ent 115/ 220v, Sai 115v - 29302","22/09/2026 00:00:00","22/09/2026 23:59:59","Creative & Construction","Brazil",".","https://www.awin1.com/cread.php?awinmid=17729&awinaffid=3077915&ued=https%3A%2F%2Fwww.kabum.com.br%2Fproduto%2F474418","https://www.kabum.com.br/produto/474418","","","no","22/09/2026 16:24:05","Nobreak Sms Tech 800va/400w, Interativo, Ent 115/ 220v, Sai 115v - 29302",""
"4121335","Kabum BR","17729","promotion","","Fonte Corsair Cx750, 750w, 80 Plus Bronze, Pfc Ativo, C/ Cabo De Força, Atx, Preto - Cp-9020279-Br","22/09/2026 00:00:00","22/09/2026 23:59:59","Creative & Construction","Brazil",".","https://www.awin1.com/cread.php?awinmid=17729&awinaffid=3077915&ued=https%3A%2F%2Fwww.kabum.com.br%2Fproduto%2F543414","https://www.kabum.com.br/produto/543414","","","no","22/09/2026 16:23:56","Fonte Corsair Cx750, 750w, 80 Plus Bronze, Pfc Ativo, C/ Cabo De Força, Atx, Preto - Cp-9020279-Br",""
"4121334","Kabum BR","17729","promotion","","Mouse Gamer Razer Deathadder V3 Pro, 63g Ultraleve, 90hr De Bateria, Recarregável, 30000 Dpi, Branco","22/09/2026 00:00:00","22/09/2026 23:59:59","Creative & Construction","Brazil",".","https://www.awin1.com/cread.php?awinmid=17729&awinaffid=3077915&ued=https%3A%2F%2Fwww.kabum.com.br%2Fproduto%2F633612","https://www.kabum.com.br/produto/633612","","","no","22/09/2026 16:23:47","Mouse Gamer Razer Deathadder V3 Pro, 63g Ultraleve, 90hr De Bateria, Recarregável, 30000 Dpi, Branco",""
"4121333","Kabum BR","17729","promotion","","Cabo Usb C Thunderbolt 3 Para Hdmi Ugreen 2.0 4k 60hz 1.5m","22/09/2026 00:00:00","22/09/2026 23:59:59","Creative & Construction","Brazil",".","https://www.awin1.com/cread.php?awinmid=17729&awinaffid=3077915&ued=https%3A%2F%2Fwww.kabum.com.br%2Fproduto%2F355752","https://www.kabum.com.br/produto/355752","","","no","22/09/2026 16:23:38","Cabo Usb C Thunderbolt 3 Para Hdmi Ugreen 2.0 4k 60hz 1.5m",""
"4121332","Kabum BR","17729","promotion","","Processador Intel I3-12100f, 3.3ghz, Cache 12mb, Quad Core, 8 Threads, Lga 1700 - Bx8071512100f","22/09/2026 00:00:00","22/09/2026 23:59:59","Creative & Construction","Brazil",".","https://www.awin1.com/cread.php?awinmid=17729&awinaffid=3077915&ued=https%3A%2F%2Fwww.kabum.com.br%2Fproduto%2F327442","https://www.kabum.com.br/produto/327442","","","no","22/09/2026 16:23:29","Processador Intel I3-12100f, 3.3ghz, Cache 12mb, Quad Core, 8 Threads, Lga 1700 - Bx8071512100f",""
"4121331","Kabum BR","17729","promotion","","Webcam Ugreen 1080p Full Hd 30fps Usb Microfone Duplo Pc","22/09/2026 00:00:00","22/09/2026 23:59:59","Creative & Construction","Brazil",".","https://www.awin1.com/cread.php?awinmid=17729&awinaffid=3077915&ued=https%3A%2F%2Fwww.kabum.com.br%2Fproduto%2F887762","https://www.kabum.com.br/produto/887762","","","no","22/09/2026 16:23:20","Webcam Ugreen 1080p Full Hd 30fps Usb Microfone Duplo Pc",""
"4121330","Kabum BR","17729","promotion","","Impressora Térmica Bematech, Usb, Serial, Ethernet, Não Fiscal - Mp-4200hs","22/09/2026 00:00:00","22/09/2026 23:59:59","Creative & Construction","Brazil",".","https://www.awin1.com/cread.php?awinmid=17729&awinaffid=3077915&ued=https%3A%2F%2Fwww.kabum.com.br%2Fproduto%2F519107","https://www.kabum.com.br/produto/519107","","","no","22/09/2026 16:23:12","Impressora Térmica Bematech, Usb, Serial, Ethernet, Não Fiscal - Mp-4200hs",""
"4121329","Kabum BR","17729","promotion","","Fonte Corsair Rm1000e 1000w 80 Plus Gold Modular Pfc Ativo Pcie 5.1 Preta","22/09/2026 00:00:00","22/09/2026 23:59:59","Creative & Construction","Brazil",".","https://www.awin1.com/cread.php?awinmid=17729&awinaffid=3077915&ued=https%3A%2F%2Fwww.kabum.com.br%2Fproduto%2F884407","https://www.kabum.com.br/produto/884407","","","no","22/09/2026 16:23:03","Fonte Corsair Rm1000e 1000w 80 Plus Gold Modular Pfc Ativo Pcie 5.1 Preta",""
"4121327","Kabum BR","17729","promotion","","Hd Ssd 240gb 2,5 Sata || 400mb/S Master Drive","22/09/2026 00:00:00","22/09/2026 23:59:59","Creative & Construction","Brazil",".","https://www.awin1.com/cread.php?awinmid=17729&awinaffid=3077915&ued=https%3A%2F%2Fwww.kabum.com.br%2Fproduto%2F578726","https://www.kabum.com.br/produto/578726","","","no","22/09/2026 16:22:55","Hd Ssd 240gb 2,5 Sata || 400mb/S Master Drive",""
"4121326","Kabum BR","17729","promotion","","Headset Office Fortrek Fk731a, Usb, Preto","22/09/2026 00:00:00","22/09/2026 23:59:59","Creative & Construction","Brazil",".","https://www.awin1.com/cread.php?awinmid=17729&awinaffid=3077915&ued=https%3A%2F%2Fwww.kabum.com.br%2Fproduto%2F575545","https://www.kabum.com.br/produto/575545","","","no","22/09/2026 16:22:45","Headset Office Fortrek Fk731a, Usb, Preto",""
"4121325","Kabum BR","17729","promotion","","Mouse Gamer Razer Deathadder Essential, Com Fio, 6400 Dpi, 5 Botões, Preto","22/09/2026 00:00:00","22/09/2026 23:59:59","Creative & Construction","Brazil",".","https://www.awin1.com/cread.php?awinmid=17729&awinaffid=3077915&ued=https%3A%2F%2Fwww.kabum.com.br%2Fproduto%2F154304","https://www.kabum.com.br/produto/154304","","","no","22/09/2026 16:22:36","Mouse Gamer Razer Deathadder Essential, Com Fio, 6400 Dpi, 5 Botões, Preto",""
"4121324","Kabum BR","17729","promotion","","Mouse Com Fio Logitech M90, 1000 Dpi, Design Ambidestro, Plug And Play, Usb, Preto - 910-004053","22/09/2026 00:00:00","22/09/2026 23:59:59","Creative & Construction","Brazil",".","https://www.awin1.com/cread.php?awinmid=17729&awinaffid=3077915&ued=https%3A%2F%2Fwww.kabum.com.br%2Fproduto%2F165550","https://www.kabum.com.br/produto/165550","","","no","22/09/2026 16:22:26","Mouse Com Fio Logitech M90, 1000 Dpi, Design Ambidestro, Plug And Play, Usb, Preto - 910-004053",""
"4121323","Kabum BR","17729","promotion","","Bateria Selada Unipower, Para Nobreak E Sistemas De Monitoramento E Segurança, 12v, 7.0ah, Preto - Up1270seg","22/09/2026 00:00:00","22/09/2026 23:59:59","Creative & Construction","Brazil",".","https://www.awin1.com/cread.php?awinmid=17729&awinaffid=3077915&ued=https%3A%2F%2Fwww.kabum.com.br%2Fproduto%2F149197","https://www.kabum.com.br/produto/149197","","","no","22/09/2026 16:22:16","Bateria Selada Unipower, Para Nobreak E Sistemas De Monitoramento E Segurança, 12v, 7.0ah, Preto - Up1270seg",""
"4121322","Kabum BR","17729","promotion","","Fan 120mm Round5 Nordwind Forward Argb Preto R5-Nordwind-Fw-B-2196","22/09/2026 00:00:00","22/09/2026 23:59:59","Creative & Construction","Brazil",".","https://www.awin1.com/cread.php?awinmid=17729&awinaffid=3077915&ued=https%3A%2F%2Fwww.kabum.com.br%2Fproduto%2F941668","https://www.kabum.com.br/produto/941668","","","no","22/09/2026 16:22:06","Fan 120mm Round5 Nordwind Forward Argb Preto R5-Nordwind-Fw-B-2196",""
"4121321","Kabum BR","17729","promotion","","Memória Xpg Spectrix D35g Rgb, 16gb, 1x16gb, 3200mhz, Ddr4, Preto","22/09/2026 00:00:00","22/09/2026 23:59:59","Creative & Construction","Brazil",".","https://www.awin1.com/cread.php?awinmid=17729&awinaffid=3077915&ued=https%3A%2F%2Fwww.kabum.com.br%2Fproduto%2F495636","https://www.kabum.com.br/produto/495636","","","no","22/09/2026 16:21:57","Memória Xpg Spectrix D35g Rgb, 16gb, 1x16gb, 3200mhz, Ddr4, Preto",""
"4121320","Kabum BR","17729","promotion","","Gabinete Gamer Duex Aquario, Mid-Tower, Lateral E Frontal De Vidro, Preto, Sem Fan - Dxga275bk","22/09/2026 00:00:00","22/09/2026 23:59:59","Creative & Construction","Brazil",".","https://www.awin1.com/cread.php?awinmid=17729&awinaffid=3077915&ued=https%3A%2F%2Fwww.kabum.com.br%2Fproduto%2F1012384","https://www.kabum.com.br/produto/1012384","","","no","22/09/2026 16:21:48","Gabinete Gamer Duex Aquario, Mid-Tower, Lateral E Frontal De Vidro, Preto, Sem Fan - Dxga275bk",""
"4121319","Kabum BR","17729","promotion","","Microfone Gamer Fifine Ampligame, Am8, Usb, Rgb, Preto","22/09/2026 00:00:00","22/09/2026 23:59:59","Creative & Construction","Brazil",".","https://www.awin1.com/cread.php?awinmid=17729&awinaffid=3077915&ued=https%3A%2F%2Fwww.kabum.com.br%2Fproduto%2F579914","https://www.kabum.com.br/produto/579914","","","no","22/09/2026 16:21:39","Microfone Gamer Fifine Ampligame, Am8, Usb, Rgb, Preto",""
"4121318","Kabum BR","17729","promotion","","Pasta Térmica, Thermal Grizzly Kryonaut Ultra Performance, Condutividade Térmica, 1g, Cinza Claro","22/09/2026 00:00:00","22/09/2026 23:59:59","Creative & Construction","Brazil",".","https://www.awin1.com/cread.php?awinmid=17729&awinaffid=3077915&ued=https%3A%2F%2Fwww.kabum.com.br%2Fproduto%2F365757","https://www.kabum.com.br/produto/365757","","","no","22/09/2026 16:21:31","Pasta Térmica, Thermal Grizzly Kryonaut Ultra Performance, Condutividade Térmica, 1g, Cinza Claro",""
"4121317","Kabum BR","17729","promotion","","Cadeira Gamer Mymax Mx7, Até 150kg, Giratória, Preto E Azul","22/09/2026 00:00:00","22/09/2026 23:59:59","Creative & Construction","Brazil",".","https://www.awin1.com/cread.php?awinmid=17729&awinaffid=3077915&ued=https%3A%2F%2Fwww.kabum.com.br%2Fproduto%2F265787","https://www.kabum.com.br/produto/265787","","","no","22/09/2026 16:21:22","Cadeira Gamer Mymax Mx7, Até 150kg, Giratória, Preto E Azul",""
"4121316","Kabum BR","17729","promotion","","Kit Com 3 Ventoinhas Rise Mode Aura Frost Pro, 120mm, Argb, Branco - Rm-Cf-02-Argb","22/09/2026 00:00:00","22/09/2026 23:59:59","Creative & Construction","Brazil",".","https://www.awin1.com/cread.php?awinmid=17729&awinaffid=3077915&ued=https%3A%2F%2Fwww.kabum.com.br%2Fproduto%2F622099","https://www.kabum.com.br/produto/622099","","","no","22/09/2026 16:21:13","Kit Com 3 Ventoinhas Rise Mode Aura Frost Pro, 120mm, Argb, Branco - Rm-Cf-02-Argb",""
"4121315","Kabum BR","17729","promotion","","Placa De Video 1gb Geforce G210 Ddr3 64bit Vga/Hdmi/Dvi Gpuvk2101gblp0k3 Vinik","22/09/2026 00:00:00","22/09/2026 23:59:59","Creative & Construction","Brazil",".","https://www.awin1.com/cread.php?awinmid=17729&awinaffid=3077915&ued=https%3A%2F%2Fwww.kabum.com.br%2Fproduto%2F1032268","https://www.kabum.com.br/produto/1032268","","","no","22/09/2026 16:21:04","Placa De Video 1gb Geforce G210 Ddr3 64bit Vga/Hdmi/Dvi Gpuvk2101gblp0k3 Vinik",""
"4121313","Kabum BR","17729","promotion","","Monitor Mymax 19"" Hd Led, 60hz, 3.6ms, Hdmi, Vga, Preto","22/09/2026 00:00:00","22/09/2026 23:59:59","Creative & Construction","Brazil",".","https://www.awin1.com/cread.php?awinmid=17729&awinaffid=3077915&ued=https%3A%2F%2Fwww.kabum.com.br%2Fproduto%2F396492","https://www.kabum.com.br/produto/396492","","","no","22/09/2026 16:20:56","Monitor Mymax 19"" Hd Led, 60hz, 3.6ms, Hdmi, Vga, Preto",""
"4121312","Kabum BR","17729","promotion","","Placa Mãe Asus Prime H610m-Cs D4, Intel Lga 1700, Matx, Ddr4 - Prime H610m-Cs D4","22/09/2026 00:00:00","22/09/2026 23:59:59","Creative & Construction","Brazil",".","https://www.awin1.com/cread.php?awinmid=17729&awinaffid=3077915&ued=https%3A%2F%2Fwww.kabum.com.br%2Fproduto%2F707813","https://www.kabum.com.br/produto/707813","","","no","22/09/2026 16:20:48","Placa Mãe Asus Prime H610m-Cs D4, Intel Lga 1700, Matx, Ddr4 - Prime H610m-Cs D4",""
"4121311","Kabum BR","17729","promotion","","Notebook Vaio Fe16 Amd® Ryzen 7-5825u Linux 32gb Ram 512gb Ssd 16"" Ips Wuxga Antirreflexo - Cinza Grafite","22/09/2026 00:00:00","22/09/2026 23:59:59","Creative & Construction","Brazil",".","https://www.awin1.com/cread.php?awinmid=17729&awinaffid=3077915&ued=https%3A%2F%2Fwww.kabum.com.br%2Fproduto%2F782020","https://www.kabum.com.br/produto/782020","","","no","22/09/2026 16:20:39","Notebook Vaio Fe16 Amd® Ryzen 7-5825u Linux 32gb Ram 512gb Ssd 16"" Ips Wuxga Antirreflexo - Cinza Grafite",""
"4121310","Kabum BR","17729","promotion","","Access Point Tp-Link Eap245, 1750 Mbps, Dual Band, 2.4ghz E 5ghz, Gigabit, Montável Em Teto Ou Parede, Branco","22/09/2026 00:00:00","22/09/2026 23:59:59","Creative & Construction","Brazil",".","https://www.awin1.com/cread.php?awinmid=17729&awinaffid=3077915&ued=https%3A%2F%2Fwww.kabum.com.br%2Fproduto%2F189678","https://www.kabum.com.br/produto/189678","","","no","22/09/2026 16:20:29","Access Point Tp-Link Eap245, 1750 Mbps, Dual Band, 2.4ghz E 5ghz, Gigabit, Montável Em Teto Ou Parede, Branco",""
"4121309","Kabum BR","17729","promotion","","Switch Hp Aruba Instant On 1830, Gerenciável, 2 Sfp, 24 Portas, Branco - Jl812a","22/09/2026 00:00:00","22/09/2026 23:59:59","Creative & Construction","Brazil",".","https://www.awin1.com/cread.php?awinmid=17729&awinaffid=3077915&ued=https%3A%2F%2Fwww.kabum.com.br%2Fproduto%2F397986","https://www.kabum.com.br/produto/397986","","","no","22/09/2026 16:20:19","Switch Hp Aruba Instant On 1830, Gerenciável, 2 Sfp, 24 Portas, Branco - Jl812a",""
"4121308","Kabum BR","17729","promotion","","Kit C/ 3 Ventoinhas Rise Mode Energy 120mm Argb Preto - Fn-02-Rgb-5v","22/09/2026 00:00:00","22/09/2026 23:59:59","Creative & Construction","Brazil",".","https://www.awin1.com/cread.php?awinmid=17729&awinaffid=3077915&ued=https%3A%2F%2Fwww.kabum.com.br%2Fproduto%2F173008","https://www.kabum.com.br/produto/173008","","","no","22/09/2026 16:20:11","Kit C/ 3 Ventoinhas Rise Mode Energy 120mm Argb Preto - Fn-02-Rgb-5v",""
"4121307","Kabum BR","17729","promotion","","Monitor Vx Pro, 19 Pol, Led, 60hz, 5ms, Hdmi/Vga, Vx190x","22/09/2026 00:00:00","22/09/2026 23:59:59","Creative & Construction","Brazil",".","https://www.awin1.com/cread.php?awinmid=17729&awinaffid=3077915&ued=https%3A%2F%2Fwww.kabum.com.br%2Fproduto%2F531294","https://www.kabum.com.br/produto/531294","","","no","22/09/2026 16:20:01","Monitor Vx Pro, 19 Pol, Led, 60hz, 5ms, Hdmi/Vga, Vx190x",""
"4121306","Kabum BR","17729","promotion","","Pc Cpu Intel Core I7 4º+ 16gb Ram+ Ssd 240gb+Wifi+Win 11","22/09/2026 00:00:00","22/09/2026 23:59:59","Creative & Construction","Brazil",".","https://www.awin1.com/cread.php?awinmid=17729&awinaffid=3077915&ued=https%3A%2F%2Fwww.kabum.com.br%2Fproduto%2F871698","https://www.kabum.com.br/produto/871698","","","no","22/09/2026 16:19:52","Pc Cpu Intel Core I7 4º+ 16gb Ram+ Ssd 240gb+Wifi+Win 11",""
"4121305","Kabum BR","17729","promotion","","Monitor Acer 23.8"" Ek241y Gbi Full Hd Led Ips 120 Hz 1 Ms","22/09/2026 00:00:00","22/09/2026 23:59:59","Creative & Construction","Brazil",".","https://www.awin1.com/cread.php?awinmid=17729&awinaffid=3077915&ued=https%3A%2F%2Fwww.kabum.com.br%2Fproduto%2F775956","https://www.kabum.com.br/produto/775956","","","no","22/09/2026 16:19:43","Monitor Acer 23.8"" Ek241y Gbi Full Hd Led Ips 120 Hz 1 Ms",""
"4121304","Kabum BR","17729","promotion","","Switch Tp-Link Jetstream, 24 Portas Gigabit, 4 Portas Sfp, Gerenciável - Tl-Sg3428","22/09/2026 00:00:00","22/09/2026 23:59:59","Creative & Construction","Brazil",".","https://www.awin1.com/cread.php?awinmid=17729&awinaffid=3077915&ued=https%3A%2F%2Fwww.kabum.com.br%2Fproduto%2F190124","https://www.kabum.com.br/produto/190124","","","no","22/09/2026 16:19:34","Switch Tp-Link Jetstream, 24 Portas Gigabit, 4 Portas Sfp, Gerenciável - Tl-Sg3428",""
"4121303","Kabum BR","17729","promotion","","Memória Ram Kingston 8gb Ddr3l 1600mhz Kvr16ls11/8 1.35v So-Dimm – Notebook","22/09/2026 00:00:00","22/09/2026 23:59:59","Creative & Construction","Brazil",".","https://www.awin1.com/cread.php?awinmid=17729&awinaffid=3077915&ued=https%3A%2F%2Fwww.kabum.com.br%2Fproduto%2F906025","https://www.kabum.com.br/produto/906025","","","no","22/09/2026 16:19:25","Memória Ram Kingston 8gb Ddr3l 1600mhz Kvr16ls11/8 1.35v So-Dimm – Notebook",""
"4121302","Kabum BR","17729","promotion","","Memória Kingston Fury Beast, 16gb, 5200mhz, Ddr5, Cl40, Preto - Kf552c40bb-16","22/09/2026 00:00:00","22/09/2026 23:59:59","Creative & Construction","Brazil",".","https://www.awin1.com/cread.php?awinmid=17729&awinaffid=3077915&ued=https%3A%2F%2Fwww.kabum.com.br%2Fproduto%2F312878","https://www.kabum.com.br/produto/312878","","","no","22/09/2026 16:19:17","Memória Kingston Fury Beast, 16gb, 5200mhz, Ddr5, Cl40, Preto - Kf552c40bb-16",""
"4121301","Kabum BR","17729","promotion","","Smartphone Samsung Galaxy A56 5g 8gb 256gb 50mp 6.7 Preto","22/09/2026 00:00:00","22/09/2026 23:59:59","Creative & Construction","Brazil",".","https://www.awin1.com/cread.php?awinmid=17729&awinaffid=3077915&ued=https%3A%2F%2Fwww.kabum.com.br%2Fproduto%2F734577","https://www.kabum.com.br/produto/734577","","","no","22/09/2026 16:19:08","Smartphone Samsung Galaxy A56 5g 8gb 256gb 50mp 6.7 Preto",""
"4121300","Kabum BR","17729","promotion","","Teclado Multimídia Dell Kb216 - Em Português","22/09/2026 00:00:00","22/09/2026 23:59:59","Creative & Construction","Brazil",".","https://www.awin1.com/cread.php?awinmid=17729&awinaffid=3077915&ued=https%3A%2F%2Fwww.kabum.com.br%2Fproduto%2F203669","https://www.kabum.com.br/produto/203669","","","no","22/09/2026 16:18:59","Teclado Multimídia Dell Kb216 - Em Português",""
"4121299","Kabum BR","17729","promotion","","Monitor Pcfort F2130 21,5"" Led Full Hd Vga - Hdmi - Vesa","22/09/2026 00:00:00","22/09/2026 23:59:59","Creative & Construction","Brazil",".","https://www.awin1.com/cread.php?awinmid=17729&awinaffid=3077915&ued=https%3A%2F%2Fwww.kabum.com.br%2Fproduto%2F690601","https://www.kabum.com.br/produto/690601","","","no","22/09/2026 16:18:51","Monitor Pcfort F2130 21,5"" Led Full Hd Vga - Hdmi - Vesa",""
"4121298","Kabum BR","17729","promotion","","Monitor Gamer Lg 23.8"" Led Fhd, 60hz, 5ms, Ips, Vga, Hdmi, Dp - 24bl550j","22/09/2026 00:00:00","22/09/2026 23:59:59","Creative & Construction","Brazil",".","https://www.awin1.com/cread.php?awinmid=17729&awinaffid=3077915&ued=https%3A%2F%2Fwww.kabum.com.br%2Fproduto%2F358329","https://www.kabum.com.br/produto/358329","","","no","22/09/2026 16:18:42","Monitor Gamer Lg 23.8"" Led Fhd, 60hz, 5ms, Ips, Vga, Hdmi, Dp - 24bl550j",""
"4121297","Kabum BR","17729","promotion","","Memória Ram Rise Mode, 8gb, 1600mhz, Ddr3, Cl11 - Rm-D3-8g1600v","22/09/2026 00:00:00","22/09/2026 23:59:59","Creative & Construction","Brazil",".","https://www.awin1.com/cread.php?awinmid=17729&awinaffid=3077915&ued=https%3A%2F%2Fwww.kabum.com.br%2Fproduto%2F175054","https://www.kabum.com.br/produto/175054","","","no","22/09/2026 16:18:33","Memória Ram Rise Mode, 8gb, 1600mhz, Ddr3, Cl11 - Rm-D3-8g1600v",""
"4121296","Kabum BR","17729","promotion","","Ssd Adata Su650 480gb Sata Iii 2.5"" - Asu650ss-480gt-R","22/09/2026 00:00:00","22/09/2026 23:59:59","Creative & Construction","Brazil",".","https://www.awin1.com/cread.php?awinmid=17729&awinaffid=3077915&ued=https%3A%2F%2Fwww.kabum.com.br%2Fproduto%2F278465","https://www.kabum.com.br/produto/278465","","","no","22/09/2026 16:18:24","Ssd Adata Su650 480gb Sata Iii 2.5"" - Asu650ss-480gt-R",""
"4121295","Kabum BR","17729","promotion","","Placa-Mãe Gigabyte B650m Aorus Elite, Amd Am5, Micro Atx, Ddr5","22/09/2026 00:00:00","22/09/2026 23:59:59","Creative & Construction","Brazil",".","https://www.awin1.com/cread.php?awinmid=17729&awinaffid=3077915&ued=https%3A%2F%2Fwww.kabum.com.br%2Fproduto%2F452846","https://www.kabum.com.br/produto/452846","","","no","22/09/2026 16:18:16","Placa-Mãe Gigabyte B650m Aorus Elite, Amd Am5, Micro Atx, Ddr5",""
"4121294","Kabum BR","17729","promotion","","Smartphone Motorola Edge 60 Pro 5g - Azul, 256gb, Ram 24gb (12gb Ram+12gb Ram Boost), Câmera 50mp E Tela De 6,7""","22/09/2026 00:00:00","22/09/2026 23:59:59","Creative & Construction","Brazil",".","https://www.awin1.com/cread.php?awinmid=17729&awinaffid=3077915&ued=https%3A%2F%2Fwww.kabum.com.br%2Fproduto%2F881382","https://www.kabum.com.br/produto/881382","","","no","22/09/2026 16:18:06","Smartphone Motorola Edge 60 Pro 5g - Azul, 256gb, Ram 24gb (12gb Ram+12gb Ram Boost), Câmera 50mp E Tela De 6,7""",""
"4121293","Kabum BR","17729","promotion","","Mouse Gamer Sem Fio Razer Basilisk V3 Pro, Chroma, 11 Botões Programáveis, 30000 Dpi, Black - Preto","22/09/2026 00:00:00","22/09/2026 23:59:59","Creative & Construction","Brazil",".","https://www.awin1.com/cread.php?awinmid=17729&awinaffid=3077915&ued=https%3A%2F%2Fwww.kabum.com.br%2Fproduto%2F472404","https://www.kabum.com.br/produto/472404","","","no","22/09/2026 16:17:56","Mouse Gamer Sem Fio Razer Basilisk V3 Pro, Chroma, 11 Botões Programáveis, 30000 Dpi, Black - Preto",""
"4121292","Kabum BR","17729","promotion","","Kit Com 3 Ventoinhas Rise Mode Aura Pro Black Argb 120mm Preto - Rm-Aub-02-Argb","22/09/2026 00:00:00","22/09/2026 23:59:59","Creative & Construction","Brazil",".","https://www.awin1.com/cread.php?awinmid=17729&awinaffid=3077915&ued=https%3A%2F%2Fwww.kabum.com.br%2Fproduto%2F624371","https://www.kabum.com.br/produto/624371","","","no","22/09/2026 16:17:46","Kit Com 3 Ventoinhas Rise Mode Aura Pro Black Argb 120mm Preto - Rm-Aub-02-Argb",""
"4121291","Kabum BR","17729","promotion","","Processador Intel I7 12700 12ª Geração, 2.1ghz (Turbo 4.90ghz), Cache 25mb, Dual Core, 20 Threads, Lga 1700 - Bx8071512700","22/09/2026 00:00:00","22/09/2026 23:59:59","Creative & Construction","Brazil",".","https://www.awin1.com/cread.php?awinmid=17729&awinaffid=3077915&ued=https%3A%2F%2Fwww.kabum.com.br%2Fproduto%2F339790","https://www.kabum.com.br/produto/339790","","","no","22/09/2026 16:17:37","Processador Intel I7 12700 12ª Geração, 2.1ghz (Turbo 4.90ghz), Cache 25mb, Dual Core, 20 Threads, Lga 1700 - Bx8071512700",""
"4121290","Kabum BR","17729","promotion","","Controle Sem Fio Xbox, Cabo Usb-C Para Xbox E Pc, Preto - 1v8-00013","22/09/2026 00:00:00","22/09/2026 23:59:59","Creative & Construction","Brazil",".","https://www.awin1.com/cread.php?awinmid=17729&awinaffid=3077915&ued=https%3A%2F%2Fwww.kabum.com.br%2Fproduto%2F211845","https://www.kabum.com.br/produto/211845","","","no","22/09/2026 16:17:26","Controle Sem Fio Xbox, Cabo Usb-C Para Xbox E Pc, Preto - 1v8-00013",""
"4121289","Kabum BR","17729","promotion","","Teclado Mecânico Gamer Wooting 60he+, Rgb, 61 Teclas, Layout 60%, Cabo Removível","22/09/2026 00:00:00","22/09/2026 23:59:59","Creative & Construction","Brazil",".","https://www.awin1.com/cread.php?awinmid=17729&awinaffid=3077915&ued=https%3A%2F%2Fwww.kabum.com.br%2Fproduto%2F507595","https://www.kabum.com.br/produto/507595","","","no","22/09/2026 16:17:16","Teclado Mecânico Gamer Wooting 60he+, Rgb, 61 Teclas, Layout 60%, Cabo Removível",""
"4121288","Kabum BR","17729","promotion","","Ventoinha Rise Mode, 120mm, Preto - Rm-Bk-01-Fb","22/09/2026 00:00:00","22/09/2026 23:59:59","Creative & Construction","Brazil",".","https://www.awin1.com/cread.php?awinmid=17729&awinaffid=3077915&ued=https%3A%2F%2Fwww.kabum.com.br%2Fproduto%2F483582","https://www.kabum.com.br/produto/483582","","","no","22/09/2026 16:17:07","Ventoinha Rise Mode, 120mm, Preto - Rm-Bk-01-Fb",""
"4121287","Kabum BR","17729","promotion","","Air Cooler Para Processador Deepcool Ag400 Bk Argb V2, 120mm, Intel-Amd, Preto, R-Ag400-Bkammn-Gjd","22/09/2026 00:00:00","22/09/2026 23:59:59","Creative & Construction","Brazil",".","https://www.awin1.com/cread.php?awinmid=17729&awinaffid=3077915&ued=https%3A%2F%2Fwww.kabum.com.br%2Fproduto%2F1003773","https://www.kabum.com.br/produto/1003773","","","no","22/09/2026 16:16:57","Air Cooler Para Processador Deepcool Ag400 Bk Argb V2, 120mm, Intel-Amd, Preto, R-Ag400-Bkammn-Gjd",""
"4121286","Kabum BR","17729","promotion","","Monitor Gamer Pcfort H238f 165hz 24'' Led Full Hd Freesync Hdmi Display Port Vesa","22/09/2026 00:00:00","22/09/2026 23:59:59","Creative & Construction","Brazil",".","https://www.awin1.com/cread.php?awinmid=17729&awinaffid=3077915&ued=https%3A%2F%2Fwww.kabum.com.br%2Fproduto%2F451575","https://www.kabum.com.br/produto/451575","","","no","22/09/2026 16:16:48","Monitor Gamer Pcfort H238f 165hz 24'' Led Full Hd Freesync Hdmi Display Port Vesa",""
"4121285","Kabum BR","17729","promotion","","Webcam Logitech C270 Hd, 720p, Microfone Integrado, Usb 2.0 Com 3mp - Cinza/Preta","22/09/2026 00:00:00","22/09/2026 23:59:59","Creative & Construction","Brazil",".","https://www.awin1.com/cread.php?awinmid=17729&awinaffid=3077915&ued=https%3A%2F%2Fwww.kabum.com.br%2Fproduto%2F677167","https://www.kabum.com.br/produto/677167","","","no","22/09/2026 16:16:38","Webcam Logitech C270 Hd, 720p, Microfone Integrado, Usb 2.0 Com 3mp - Cinza/Preta",""
"4121284","Kabum BR","17729","promotion","","Câmera Sony Zv-E10 Mirrorless 4k, Lente 16-50mm, Preta","22/09/2026 00:00:00","22/09/2026 23:59:59","Creative & Construction","Brazil",".","https://www.awin1.com/cread.php?awinmid=17729&awinaffid=3077915&ued=https%3A%2F%2Fwww.kabum.com.br%2Fproduto%2F381291","https://www.kabum.com.br/produto/381291","","","no","22/09/2026 16:16:28","Câmera Sony Zv-E10 Mirrorless 4k, Lente 16-50mm, Preta",""
"4121283","Kabum BR","17729","promotion","","Cabo Lan U/Utp Cat.5e 24 Awg, 4 Pares, Cmx 305m, 100% Cobre, Azul","22/09/2026 00:00:00","22/09/2026 23:59:59","Creative & Construction","Brazil",".","https://www.awin1.com/cread.php?awinmid=17729&awinaffid=3077915&ued=https%3A%2F%2Fwww.kabum.com.br%2Fproduto%2F171619","https://www.kabum.com.br/produto/171619","","","no","22/09/2026 16:16:18","Cabo Lan U/Utp Cat.5e 24 Awg, 4 Pares, Cmx 305m, 100% Cobre, Azul",""
"4121282","Kabum BR","17729","promotion","","Fonte Corsair Cx550w 80 Plus Bronze Atx Preta","22/09/2026 00:00:00","22/09/2026 23:59:59","Creative & Construction","Brazil",".","https://www.awin1.com/cread.php?awinmid=17729&awinaffid=3077915&ued=https%3A%2F%2Fwww.kabum.com.br%2Fproduto%2F884406","https://www.kabum.com.br/produto/884406","","","no","22/09/2026 16:16:07","Fonte Corsair Cx550w 80 Plus Bronze Atx Preta",""
"4121281","Kabum BR","17729","promotion","","Notebook Lenovo Ideapad Slim 3 15irh10 Intel Core I7-13620h 24gb 512gb Ssd Windows 11 15.3"" - 83ns0008br Luna Grey","22/09/2026 00:00:00","22/09/2026 23:59:59","Creative & Construction","Brazil",".","https://www.awin1.com/cread.php?awinmid=17729&awinaffid=3077915&ued=https%3A%2F%2Fwww.kabum.com.br%2Fproduto%2F883578","https://www.kabum.com.br/produto/883578","","","no","22/09/2026 16:15:56","Notebook Lenovo Ideapad Slim 3 15irh10 Intel Core I7-13620h 24gb 512gb Ssd Windows 11 15.3"" - 83ns0008br Luna Grey",""
"4121280","Kabum BR","17729","promotion","","Access Point Tp-Link Eap650, Wi-Fi 6, 2.976 Mbps, Dual Band, Ax3000, Teto","22/09/2026 00:00:00","22/09/2026 23:59:59","Creative & Construction","Brazil",".","https://www.awin1.com/cread.php?awinmid=17729&awinaffid=3077915&ued=https%3A%2F%2Fwww.kabum.com.br%2Fproduto%2F377683","https://www.kabum.com.br/produto/377683","","","no","22/09/2026 16:15:47","Access Point Tp-Link Eap650, Wi-Fi 6, 2.976 Mbps, Dual Band, Ax3000, Teto",""
"4121279","Kabum BR","17729","promotion","","Hd Seagate 8tb Ironwolf, Nas, 7200 Rpm, Cachê 256mb, Sata 3 - St8000vn004","22/09/2026 00:00:00","22/09/2026 23:59:59","Creative & Construction","Brazil",".","https://www.awin1.com/cread.php?awinmid=17729&awinaffid=3077915&ued=https%3A%2F%2Fwww.kabum.com.br%2Fproduto%2F163083","https://www.kabum.com.br/produto/163083","","","no","22/09/2026 16:15:36","Hd Seagate 8tb Ironwolf, Nas, 7200 Rpm, Cachê 256mb, Sata 3 - St8000vn004",""
"4121278","Kabum BR","17729","promotion","","Fonte De Alimentação Msi Mag A650bnl White 650w 80 Plus Bronze Pfc Ativo Branco","22/09/2026 00:00:00","22/09/2026 23:59:59","Creative & Construction","Brazil",".","https://www.awin1.com/cread.php?awinmid=17729&awinaffid=3077915&ued=https%3A%2F%2Fwww.kabum.com.br%2Fproduto%2F1048099","https://www.kabum.com.br/produto/1048099","","","no","22/09/2026 16:15:26","Fonte De Alimentação Msi Mag A650bnl White 650w 80 Plus Bronze Pfc Ativo Branco",""
"4121277","Kabum BR","17729","promotion","","Pc Gamer Neologic Ryzen 5 5600gt, 16gb Ram 3200mhz, Placa Radeon Vega 7, Ssd 480gb, Windows 11 + Monitor 24"" 100hz + Kit Gamer","22/09/2026 00:00:00","22/09/2026 23:59:59","Creative & Construction","Brazil",".","https://www.awin1.com/cread.php?awinmid=17729&awinaffid=3077915&ued=https%3A%2F%2Fwww.kabum.com.br%2Fproduto%2F630436","https://www.kabum.com.br/produto/630436","","","no","22/09/2026 16:15:16","Pc Gamer Neologic Ryzen 5 5600gt, 16gb Ram 3200mhz, Placa Radeon Vega 7, Ssd 480gb, Windows 11 + Monitor 24"" 100hz + Kit Gamer",""
"4121276","Kabum BR","17729","promotion","","Mouse Gamer Sem Fio Razer Naga V2 Hyperspeed 21 Botões 30k Dpi","22/09/2026 00:00:00","22/09/2026 23:59:59","Creative & Construction","Brazil",".","https://www.awin1.com/cread.php?awinmid=17729&awinaffid=3077915&ued=https%3A%2F%2Fwww.kabum.com.br%2Fproduto%2F1021426","https://www.kabum.com.br/produto/1021426","","","no","22/09/2026 16:15:06","Mouse Gamer Sem Fio Razer Naga V2 Hyperspeed 21 Botões 30k Dpi",""
"4121275","Kabum BR","17729","promotion","","Monitor Concórdia Gamer Curvo Cz238f 23.8"", 100hz, Led Full Hd, Hdmi, Vga, Srgb 99%","22/09/2026 00:00:00","22/09/2026 23:59:59","Creative & Construction","Brazil",".","https://www.awin1.com/cread.php?awinmid=17729&awinaffid=3077915&ued=https%3A%2F%2Fwww.kabum.com.br%2Fproduto%2F504128","https://www.kabum.com.br/produto/504128","","","no","22/09/2026 16:14:54","Monitor Concórdia Gamer Curvo Cz238f 23.8"", 100hz, Led Full Hd, Hdmi, Vga, Srgb 99%",""
"4121274","Kabum BR","17729","promotion","","Samsung Smart Monitor Tv 32”, Hd, Plataforma Tizen™ Preta - Preto","22/09/2026 00:00:00","22/09/2026 23:59:59","Creative & Construction","Brazil",".","https://www.awin1.com/cread.php?awinmid=17729&awinaffid=3077915&ued=https%3A%2F%2Fwww.kabum.com.br%2Fproduto%2F886240","https://www.kabum.com.br/produto/886240","","","no","22/09/2026 16:14:44","Samsung Smart Monitor Tv 32”, Hd, Plataforma Tizen™ Preta - Preto",""
"4121273","Kabum BR","17729","promotion","","Monitor Gamer Concórdia 24"" H238g, Painel Ips, 144hz, Full Hd, Hdmi, Vga, Srgb 100%","22/09/2026 00:00:00","22/09/2026 23:59:59","Creative & Construction","Brazil",".","https://www.awin1.com/cread.php?awinmid=17729&awinaffid=3077915&ued=https%3A%2F%2Fwww.kabum.com.br%2Fproduto%2F1048777","https://www.kabum.com.br/produto/1048777","","","no","22/09/2026 16:14:33","Monitor Gamer Concórdia 24"" H238g, Painel Ips, 144hz, Full Hd, Hdmi, Vga, Srgb 100%",""
"4121272","Kabum BR","17729","promotion","","Headset Gamer Havit Drivers 53mm, Preto - Hv-H2002d","22/09/2026 00:00:00","22/09/2026 23:59:59","Creative & Construction","Brazil",".","https://www.awin1.com/cread.php?awinmid=17729&awinaffid=3077915&ued=https%3A%2F%2Fwww.kabum.com.br%2Fproduto%2F636029","https://www.kabum.com.br/produto/636029","","","no","22/09/2026 16:14:23","Headset Gamer Havit Drivers 53mm, Preto - Hv-H2002d",""
"4121271","Kabum BR","17729","promotion","","Impressora Laser Brother Multifuncional, Preto, Wifi E Ethernet, 110v - Dcp-L2540dw","22/09/2026 00:00:00","22/09/2026 23:59:59","Creative & Construction","Brazil",".","https://www.awin1.com/cread.php?awinmid=17729&awinaffid=3077915&ued=https%3A%2F%2Fwww.kabum.com.br%2Fproduto%2F172929","https://www.kabum.com.br/produto/172929","","","no","22/09/2026 16:14:12","Impressora Laser Brother Multifuncional, Preto, Wifi E Ethernet, 110v - Dcp-L2540dw",""
"4121264","Kabum BR","17729","promotion","","Celular Xiaomi Redmi 15c 256gb 8gb Ram De 6.9"" 50mp 8mp - Mint Green (Global)","22/09/2026 00:00:00","22/09/2026 23:59:59","Creative & Construction","Brazil",".","https://www.awin1.com/cread.php?awinmid=17729&awinaffid=3077915&ued=https%3A%2F%2Fwww.kabum.com.br%2Fproduto%2F922447","https://www.kabum.com.br/produto/922447","","","no","22/09/2026 16:14:01","Celular Xiaomi Redmi 15c 256gb 8gb Ram De 6.9"" 50mp 8mp - Mint Green (Global)",""
"4121261","Kabum BR","17729","promotion","","Pc Gamer Ryzen 5 5600gt| 16gb 3200mhz| (Radeon Vega 7)| Ssd 1tb| 500w 80 Plus| 3 Fans, Nli89042","22/09/2026 00:00:00","22/09/2026 23:59:59","Creative & Construction","Brazil",".","https://www.awin1.com/cread.php?awinmid=17729&awinaffid=3077915&ued=https%3A%2F%2Fwww.kabum.com.br%2Fproduto%2F691704","https://www.kabum.com.br/produto/691704","","","no","22/09/2026 16:13:52","Pc Gamer Ryzen 5 5600gt| 16gb 3200mhz| (Radeon Vega 7)| Ssd 1tb| 500w 80 Plus| 3 Fans, Nli89042",""
"4121260","Kabum BR","17729","promotion","","Air Cooler Para Processador Deepcool Ak400 Bk, Intel/Amd - Preto","22/09/2026 00:00:00","22/09/2026 23:59:59","Creative & Construction","Brazil",".","https://www.awin1.com/cread.php?awinmid=17729&awinaffid=3077915&ued=https%3A%2F%2Fwww.kabum.com.br%2Fproduto%2F460434","https://www.kabum.com.br/produto/460434","","","no","22/09/2026 16:13:41","Air Cooler Para Processador Deepcool Ak400 Bk, Intel/Amd - Preto",""
"4121259","Kabum BR","17729","promotion","","Celular Xiaomi Poco X8 Pro De 512gb 8gb Ram De 6.59"" 50+8mp 20mp - Preto (Global)","22/09/2026 00:00:00","22/09/2026 23:59:59","Creative & Construction","Brazil",".","https://www.awin1.com/cread.php?awinmid=17729&awinaffid=3077915&ued=https%3A%2F%2Fwww.kabum.com.br%2Fproduto%2F1017195","https://www.kabum.com.br/produto/1017195","","","no","22/09/2026 16:13:33","Celular Xiaomi Poco X8 Pro De 512gb 8gb Ram De 6.59"" 50+8mp 20mp - Preto (Global)",""
"4121258","Kabum BR","17729","promotion","","Multifuncional Epson Ecotank L5590 Jato De Tinta, Wifi, Usb - 085141706062","22/09/2026 00:00:00","22/09/2026 23:59:59","Creative & Construction","Brazil",".","https://www.awin1.com/cread.php?awinmid=17729&awinaffid=3077915&ued=https%3A%2F%2Fwww.kabum.com.br%2Fproduto%2F503846","https://www.kabum.com.br/produto/503846","","","no","22/09/2026 16:13:23","Multifuncional Epson Ecotank L5590 Jato De Tinta, Wifi, Usb - 085141706062",""
"4121257","Kabum BR","17729","promotion","","Pc Gamer Cpu Intel I7 3.4ghz Ssd 480gb Memoria Ram 16gb 500w","22/09/2026 00:00:00","22/09/2026 23:59:59","Creative & Construction","Brazil",".","https://www.awin1.com/cread.php?awinmid=17729&awinaffid=3077915&ued=https%3A%2F%2Fwww.kabum.com.br%2Fproduto%2F566681","https://www.kabum.com.br/produto/566681","","","no","22/09/2026 16:13:13","Pc Gamer Cpu Intel I7 3.4ghz Ssd 480gb Memoria Ram 16gb 500w",""
"4121256","Kabum BR","17729","promotion","","Monitor Gamer Acer Nitro 23.8” Kg243y P1bip Full Hd Led Ips 144 Hz 1ms","22/09/2026 00:00:00","22/09/2026 23:59:59","Creative & Construction","Brazil",".","https://www.awin1.com/cread.php?awinmid=17729&awinaffid=3077915&ued=https%3A%2F%2Fwww.kabum.com.br%2Fproduto%2F882798","https://www.kabum.com.br/produto/882798","","","no","22/09/2026 16:13:02","Monitor Gamer Acer Nitro 23.8” Kg243y P1bip Full Hd Led Ips 144 Hz 1ms",""
"4121255","Kabum BR","17729","promotion","","Processador Amd Ryzen 7 5800x3d Anniversary Edition, 3.4ghz (4.5ghz Turbo), 8-Cores 16-Threads, Am4, Sem Cooler, Sem Vídeo","22/09/2026 00:00:00","22/09/2026 23:59:59","Creative & Construction","Brazil",".","https://www.awin1.com/cread.php?awinmid=17729&awinaffid=3077915&ued=https%3A%2F%2Fwww.kabum.com.br%2Fproduto%2F1053076","https://www.kabum.com.br/produto/1053076","","","no","22/09/2026 16:12:53","Processador Amd Ryzen 7 5800x3d Anniversary Edition, 3.4ghz (4.5ghz Turbo), 8-Cores 16-Threads, Am4, Sem Cooler, Sem Vídeo",""
"4121254","Kabum BR","17729","promotion","","Smartphone Samsung A07 4g 128gb 4gb 50mp 8mp 6.7” Preto","22/09/2026 00:00:00","22/09/2026 23:59:59","Creative & Construction","Brazil",".","https://www.awin1.com/cread.php?awinmid=17729&awinaffid=3077915&ued=https%3A%2F%2Fwww.kabum.com.br%2Fproduto%2F921218","https://www.kabum.com.br/produto/921218","","","no","22/09/2026 16:12:45","Smartphone Samsung A07 4g 128gb 4gb 50mp 8mp 6.7” Preto",""
"4121253","Kabum BR","17729","promotion","","Smartphone Samsung Galaxy A07 Preto 6.7 256gb 8gb Câmera Dupla","22/09/2026 00:00:00","22/09/2026 23:59:59","Creative & Construction","Brazil",".","https://www.awin1.com/cread.php?awinmid=17729&awinaffid=3077915&ued=https%3A%2F%2Fwww.kabum.com.br%2Fproduto%2F921087","https://www.kabum.com.br/produto/921087","","","no","22/09/2026 16:12:36","Smartphone Samsung Galaxy A07 Preto 6.7 256gb 8gb Câmera Dupla",""
"4121252","Kabum BR","17729","promotion","","Notebook Lenovo Ideapad Slim 3 15iru10 Intel Core 3 100u 8gb 256gb Ssd Linux 15.3"" - 83nus00000 Luna Grey","22/09/2026 00:00:00","22/09/2026 23:59:59","Creative & Construction","Brazil",".","https://www.awin1.com/cread.php?awinmid=17729&awinaffid=3077915&ued=https%3A%2F%2Fwww.kabum.com.br%2Fproduto%2F1008286","https://www.kabum.com.br/produto/1008286","","","no","22/09/2026 16:12:27","Notebook Lenovo Ideapad Slim 3 15iru10 Intel Core 3 100u 8gb 256gb Ssd Linux 15.3"" - 83nus00000 Luna Grey",""
"4121251","Kabum BR","17729","promotion","","Monitor Gamer Lg 24"" Full Hd, 100hz, Ips, 5ms, Hdmi, Ajuste De Inclinação, Preto - 24ms500-B","22/09/2026 00:00:00","22/09/2026 23:59:59","Creative & Construction","Brazil",".","https://www.awin1.com/cread.php?awinmid=17729&awinaffid=3077915&ued=https%3A%2F%2Fwww.kabum.com.br%2Fproduto%2F644868","https://www.kabum.com.br/produto/644868","","","no","22/09/2026 16:12:18","Monitor Gamer Lg 24"" Full Hd, 100hz, Ips, 5ms, Hdmi, Ajuste De Inclinação, Preto - 24ms500-B",""
"4121250","Kabum BR","17729","promotion","","Smart Tv Tcl 65 Polegadas Qd-Mini Led 4k C6k Wifi Bluetooth Google Tv 4 Hdmi 144hz Hdr10+ 65c6k","22/09/2026 00:00:00","22/09/2026 23:59:59","Creative & Construction","Brazil",".","https://www.awin1.com/cread.php?awinmid=17729&awinaffid=3077915&ued=https%3A%2F%2Fwww.kabum.com.br%2Fproduto%2F911480","https://www.kabum.com.br/produto/911480","","","no","22/09/2026 16:12:09","Smart Tv Tcl 65 Polegadas Qd-Mini Led 4k C6k Wifi Bluetooth Google Tv 4 Hdmi 144hz Hdr10+ 65c6k",""
"4121249","Kabum BR","17729","promotion","","Cabo De Rede Patch Cord Cat.6 Plus Cable,1.5m, Azul - Pc-Eth6u15bl","22/09/2026 00:00:00","22/09/2026 23:59:59","Creative & Construction","Brazil",".","https://www.awin1.com/cread.php?awinmid=17729&awinaffid=3077915&ued=https%3A%2F%2Fwww.kabum.com.br%2Fproduto%2F347290","https://www.kabum.com.br/produto/347290","","","no","22/09/2026 16:11:59","Cabo De Rede Patch Cord Cat.6 Plus Cable,1.5m, Azul - Pc-Eth6u15bl",""
"4121248","Kabum BR","17729","promotion","","Air Cooler Cooler Master Hyper 212 Spectrum V3, Argb, Intel E Amd, 120mm, Preto - Rr-S4na-17pa-R1","22/09/2026 00:00:00","22/09/2026 23:59:59","Creative & Construction","Brazil",".","https://www.awin1.com/cread.php?awinmid=17729&awinaffid=3077915&ued=https%3A%2F%2Fwww.kabum.com.br%2Fproduto%2F532493","https://www.kabum.com.br/produto/532493","","","no","22/09/2026 16:11:50","Air Cooler Cooler Master Hyper 212 Spectrum V3, Argb, Intel E Amd, 120mm, Preto - Rr-S4na-17pa-R1",""
"4121247","Kabum BR","17729","promotion","","Cabo Adaptador Hdmi Macho Para Vga Fêmea + P2 Md9 - 7108","22/09/2026 00:00:00","22/09/2026 23:59:59","Creative & Construction","Brazil",".","https://www.awin1.com/cread.php?awinmid=17729&awinaffid=3077915&ued=https%3A%2F%2Fwww.kabum.com.br%2Fproduto%2F66741","https://www.kabum.com.br/produto/66741","","","no","22/09/2026 16:11:41","Cabo Adaptador Hdmi Macho Para Vga Fêmea + P2 Md9 - 7108",""
"4121246","Kabum BR","17729","promotion","","Suporte De Parede Articulado Para Monitor De 17"" A 35"" North Bayou, Ajustes Com Pistão A Gás, Preto - F150 Nb","22/09/2026 00:00:00","22/09/2026 23:59:59","Creative & Construction","Brazil",".","https://www.awin1.com/cread.php?awinmid=17729&awinaffid=3077915&ued=https%3A%2F%2Fwww.kabum.com.br%2Fproduto%2F653053","https://www.kabum.com.br/produto/653053","","","no","22/09/2026 16:11:31","Suporte De Parede Articulado Para Monitor De 17"" A 35"" North Bayou, Ajustes Com Pistão A Gás, Preto - F150 Nb",""
"4121245","Kabum BR","17729","promotion","","Hub Rise Mode 06 Pro Usb-C 3.0, 11 Em 1, Para Hdmi, Vga, Cartão Sd, Ethernet, Áudio, 3x Usb 2.0, 1x Usb 3.0, Cinza - Rm-Hub-06-Pro","22/09/2026 00:00:00","22/09/2026 23:59:59","Creative & Construction","Brazil",".","https://www.awin1.com/cread.php?awinmid=17729&awinaffid=3077915&ued=https%3A%2F%2Fwww.kabum.com.br%2Fproduto%2F593451","https://www.kabum.com.br/produto/593451","","","no","22/09/2026 16:11:22","Hub Rise Mode 06 Pro Usb-C 3.0, 11 Em 1, Para Hdmi, Vga, Cartão Sd, Ethernet, Áudio, 3x Usb 2.0, 1x Usb 3.0, Cinza - Rm-Hub-06-Pro",""
"4121244","Kabum BR","17729","promotion","","Filtro De Linha + Dps Iclamper Energia 8, 8 Tomadas, Bivolt, Transparente - 26776","22/09/2026 00:00:00","22/09/2026 23:59:59","Creative & Construction","Brazil",".","https://www.awin1.com/cread.php?awinmid=17729&awinaffid=3077915&ued=https%3A%2F%2Fwww.kabum.com.br%2Fproduto%2F397140","https://www.kabum.com.br/produto/397140","","","no","22/09/2026 16:11:11","Filtro De Linha + Dps Iclamper Energia 8, 8 Tomadas, Bivolt, Transparente - 26776",""
"4121243","Kabum BR","17729","promotion","","Bateria Weg Selada - Vrla 12v/7ah 13293745","22/09/2026 00:00:00","22/09/2026 23:59:59","Creative & Construction","Brazil",".","https://www.awin1.com/cread.php?awinmid=17729&awinaffid=3077915&ued=https%3A%2F%2Fwww.kabum.com.br%2Fproduto%2F80284","https://www.kabum.com.br/produto/80284","","","no","22/09/2026 16:11:02","Bateria Weg Selada - Vrla 12v/7ah 13293745",""
"4121242","Kabum BR","17729","promotion","","Suporte De Mesa Articulado Para Monitor De 17"" A 32"" North Bayou, Ajustes Com Pistão A Gás, Branco - F80-Xe Nb","22/09/2026 00:00:00","22/09/2026 23:59:59","Creative & Construction","Brazil",".","https://www.awin1.com/cread.php?awinmid=17729&awinaffid=3077915&ued=https%3A%2F%2Fwww.kabum.com.br%2Fproduto%2F931218","https://www.kabum.com.br/produto/931218","","","no","22/09/2026 16:10:52","Suporte De Mesa Articulado Para Monitor De 17"" A 32"" North Bayou, Ajustes Com Pistão A Gás, Branco - F80-Xe Nb",""
"4121241","Kabum BR","17729","promotion","","Gabinete Gamer Rise Mode Glass 06x, Mid Tower, Argb, Atx, Lateral E Frente Em Vidro, 6x Fans, Branco - Rm-Ca-06xw-Argb","22/09/2026 00:00:00","22/09/2026 23:59:59","Creative & Construction","Brazil",".","https://www.awin1.com/cread.php?awinmid=17729&awinaffid=3077915&ued=https%3A%2F%2Fwww.kabum.com.br%2Fproduto%2F473607","https://www.kabum.com.br/produto/473607","","","no","22/09/2026 16:10:44","Gabinete Gamer Rise Mode Glass 06x, Mid Tower, Argb, Atx, Lateral E Frente Em Vidro, 6x Fans, Branco - Rm-Ca-06xw-Argb",""
"4121240","Kabum BR","17729","promotion","","Teclado Gamer Redragon Lakshmi, Switch Brown, Layout 60%, Abnt2 , Preto - K606-Og&Gy&Bk (Pt-Brown)","22/09/2026 00:00:00","22/09/2026 23:59:59","Creative & Construction","Brazil",".","https://www.awin1.com/cread.php?awinmid=17729&awinaffid=3077915&ued=https%3A%2F%2Fwww.kabum.com.br%2Fproduto%2F401375","https://www.kabum.com.br/produto/401375","","","no","22/09/2026 16:10:36","Teclado Gamer Redragon Lakshmi, Switch Brown, Layout 60%, Abnt2 , Preto - K606-Og&Gy&Bk (Pt-Brown)",""
"4121239","Kabum BR","17729","promotion","","Fone De Ouvido Gamer Hyperx Cloud Earbuds Ii, Microfone No Cabo, Nintendo Switch, Vermelho - 705l8aa","22/09/2026 00:00:00","22/09/2026 23:59:59","Creative & Construction","Brazil",".","https://www.awin1.com/cread.php?awinmid=17729&awinaffid=3077915&ued=https%3A%2F%2Fwww.kabum.com.br%2Fproduto%2F483041","https://www.kabum.com.br/produto/483041","","","no","22/09/2026 16:10:26","Fone De Ouvido Gamer Hyperx Cloud Earbuds Ii, Microfone No Cabo, Nintendo Switch, Vermelho - 705l8aa",""
"4121238","Kabum BR","17729","promotion","","Impressora Hp Laserjet 107w, Laser, Mono, 110v - 4zb78a","22/09/2026 00:00:00","22/09/2026 23:59:59","Creative & Construction","Brazil",".","https://www.awin1.com/cread.php?awinmid=17729&awinaffid=3077915&ued=https%3A%2F%2Fwww.kabum.com.br%2Fproduto%2F102766","https://www.kabum.com.br/produto/102766","","","no","22/09/2026 16:10:17","Impressora Hp Laserjet 107w, Laser, Mono, 110v - 4zb78a",""
"4121237","Kabum BR","17729","promotion","","Cabo De Rede Cat.6 Furukawa Sohoplus, 305 Metros, Cinza - 23400200","22/09/2026 00:00:00","22/09/2026 23:59:59","Creative & Construction","Brazil",".","https://www.awin1.com/cread.php?awinmid=17729&awinaffid=3077915&ued=https%3A%2F%2Fwww.kabum.com.br%2Fproduto%2F109965","https://www.kabum.com.br/produto/109965","","","no","22/09/2026 16:10:08","Cabo De Rede Cat.6 Furukawa Sohoplus, 305 Metros, Cinza - 23400200",""
"4121236","Kabum BR","17729","promotion","","Teclado Magnético Gamer Attack Shark X68 He, Rapid Trigger, 8000hz, 0.01mm, 65%, Black, Preto - As-X68he-Bk","22/09/2026 00:00:00","22/09/2026 23:59:59","Creative & Construction","Brazil",".","https://www.awin1.com/cread.php?awinmid=17729&awinaffid=3077915&ued=https%3A%2F%2Fwww.kabum.com.br%2Fproduto%2F904387","https://www.kabum.com.br/produto/904387","","","no","22/09/2026 16:09:58","Teclado Magnético Gamer Attack Shark X68 He, Rapid Trigger, 8000hz, 0.01mm, 65%, Black, Preto - As-X68he-Bk",""
"4121235","Kabum BR","17729","promotion","","Nobreak Weg Home 1200va, 600w, 6 Tomadas Entrada Bivolt E Saida 115v - 15586583","22/09/2026 00:00:00","22/09/2026 23:59:59","Creative & Construction","Brazil",".","https://www.awin1.com/cread.php?awinmid=17729&awinaffid=3077915&ued=https%3A%2F%2Fwww.kabum.com.br%2Fproduto%2F231442","https://www.kabum.com.br/produto/231442","","","no","22/09/2026 16:09:47","Nobreak Weg Home 1200va, 600w, 6 Tomadas Entrada Bivolt E Saida 115v - 15586583",""
"4121234","Kabum BR","17729","promotion","","Teclado Magnético Gamer Redragon Nova, 65%, Rgb, Switch Ultramag Linear, Abnt2, Preto - K709rgb-M","22/09/2026 00:00:00","22/09/2026 23:59:59","Creative & Construction","Brazil",".","https://www.awin1.com/cread.php?awinmid=17729&awinaffid=3077915&ued=https%3A%2F%2Fwww.kabum.com.br%2Fproduto%2F999732","https://www.kabum.com.br/produto/999732","","","no","22/09/2026 16:09:36","Teclado Magnético Gamer Redragon Nova, 65%, Rgb, Switch Ultramag Linear, Abnt2, Preto - K709rgb-M",""
"4121233","Kabum BR","17729","promotion","","Air Cooler Gamer Rise Mode Storm 8 Black, Argb, Amd/Intel, 120mm, Preto - Rm-Acst-Argb-B","22/09/2026 00:00:00","22/09/2026 23:59:59","Creative & Construction","Brazil",".","https://www.awin1.com/cread.php?awinmid=17729&awinaffid=3077915&ued=https%3A%2F%2Fwww.kabum.com.br%2Fproduto%2F506060","https://www.kabum.com.br/produto/506060","","","no","22/09/2026 16:09:28","Air Cooler Gamer Rise Mode Storm 8 Black, Argb, Amd/Intel, 120mm, Preto - Rm-Acst-Argb-B",""
"4121232","Kabum BR","17729","promotion","","Water Cooler Husky Freezy, Iluminação Argb, 240mm, Amd E Intel, Preto - Hwt200pt","22/09/2026 00:00:00","22/09/2026 23:59:59","Creative & Construction","Brazil",".","https://www.awin1.com/cread.php?awinmid=17729&awinaffid=3077915&ued=https%3A%2F%2Fwww.kabum.com.br%2Fproduto%2F593858","https://www.kabum.com.br/produto/593858","","","no","22/09/2026 16:09:19","Water Cooler Husky Freezy, Iluminação Argb, 240mm, Amd E Intel, Preto - Hwt200pt",""
"4121231","Kabum BR","17729","promotion","","Mesa Digitalizadora Huion Kamvas 13, Usb, Cosmo Black, Preto - Gs1331-K","22/09/2026 00:00:00","22/09/2026 23:59:59","Creative & Construction","Brazil",".","https://www.awin1.com/cread.php?awinmid=17729&awinaffid=3077915&ued=https%3A%2F%2Fwww.kabum.com.br%2Fproduto%2F111155","https://www.kabum.com.br/produto/111155","","","no","22/09/2026 16:09:09","Mesa Digitalizadora Huion Kamvas 13, Usb, Cosmo Black, Preto - Gs1331-K",""
"4121230","Kabum BR","17729","promotion","","Teclado Mecânico Gamer Redragon Kumara Elite, Rainbow, Switch Brown, Tipo-C, Abnt2, Preto - K552-Krs (Pt-Brown)","22/09/2026 00:00:00","22/09/2026 23:59:59","Creative & Construction","Brazil",".","https://www.awin1.com/cread.php?awinmid=17729&awinaffid=3077915&ued=https%3A%2F%2Fwww.kabum.com.br%2Fproduto%2F999719","https://www.kabum.com.br/produto/999719","","","no","22/09/2026 16:09:00","Teclado Mecânico Gamer Redragon Kumara Elite, Rainbow, Switch Brown, Tipo-C, Abnt2, Preto - K552-Krs (Pt-Brown)",""
"4121229","Kabum BR","17729","promotion","","Gabinete Gamer Redragon Wideload Lite, Mid Tower, Atx, Lateral Em Vidro Temperado, Preto - Ca-604b","22/09/2026 00:00:00","22/09/2026 23:59:59","Creative & Construction","Brazil",".","https://www.awin1.com/cread.php?awinmid=17729&awinaffid=3077915&ued=https%3A%2F%2Fwww.kabum.com.br%2Fproduto%2F473175","https://www.kabum.com.br/produto/473175","","","no","22/09/2026 16:08:49","Gabinete Gamer Redragon Wideload Lite, Mid Tower, Atx, Lateral Em Vidro Temperado, Preto - Ca-604b",""
"4121228","Kabum BR","17729","promotion","","Mouse Gamer Sem Fio Redragon Invader Pro, Rgb, 10000 Dpi, 8 Botões, Wireless, Branco - M719w-Rgb-Pro","22/09/2026 00:00:00","22/09/2026 23:59:59","Creative & Construction","Brazil",".","https://www.awin1.com/cread.php?awinmid=17729&awinaffid=3077915&ued=https%3A%2F%2Fwww.kabum.com.br%2Fproduto%2F611255","https://www.kabum.com.br/produto/611255","","","no","22/09/2026 16:08:39","Mouse Gamer Sem Fio Redragon Invader Pro, Rgb, 10000 Dpi, 8 Botões, Wireless, Branco - M719w-Rgb-Pro",""
"4121227","Kabum BR","17729","promotion","","Mouse Gamer Redragon Cobra, Chroma Rgb, 12400 Dpi, 8 Botões, Preto - M711","22/09/2026 00:00:00","22/09/2026 23:59:59","Creative & Construction","Brazil",".","https://www.awin1.com/cread.php?awinmid=17729&awinaffid=3077915&ued=https%3A%2F%2Fwww.kabum.com.br%2Fproduto%2F94555","https://www.kabum.com.br/produto/94555","","","no","22/09/2026 16:08:28","Mouse Gamer Redragon Cobra, Chroma Rgb, 12400 Dpi, 8 Botões, Preto - M711",""
"4121226","Kabum BR","17729","promotion","","Ssd Husky Thunderboost, 256gb, M.2 2280, Pcie 3.0 X4, Nvme, Leitura: 1800 Mb/S, Gravação: 1100 Mb/S - Hssd002256","22/09/2026 00:00:00","22/09/2026 23:59:59","Creative & Construction","Brazil",".","https://www.awin1.com/cread.php?awinmid=17729&awinaffid=3077915&ued=https%3A%2F%2Fwww.kabum.com.br%2Fproduto%2F626784","https://www.kabum.com.br/produto/626784","","","no","22/09/2026 16:08:17","Ssd Husky Thunderboost, 256gb, M.2 2280, Pcie 3.0 X4, Nvme, Leitura: 1800 Mb/S, Gravação: 1100 Mb/S - Hssd002256",""
"4121225","Kabum BR","17729","promotion","","Placa-Mãe Asus Prime B550m-A, Amd Am4, Matx, Ddr4, Preto - 90mb15k0-M0eay0","22/09/2026 00:00:00","22/09/2026 23:59:59","Creative & Construction","Brazil",".","https://www.awin1.com/cread.php?awinmid=17729&awinaffid=3077915&ued=https%3A%2F%2Fwww.kabum.com.br%2Fproduto%2F952750","https://www.kabum.com.br/produto/952750","","","no","22/09/2026 16:08:06","Placa-Mãe Asus Prime B550m-A, Amd Am4, Matx, Ddr4, Preto - 90mb15k0-M0eay0",""
"4121224","Kabum BR","17729","promotion","","Water Cooler Rise Mode Gamer Black, Rgb, 240mm, Amd/Intel, Preto - Rm-Wcb-02-Rgb","22/09/2026 00:00:00","22/09/2026 23:59:59","Creative & Construction","Brazil",".","https://www.awin1.com/cread.php?awinmid=17729&awinaffid=3077915&ued=https%3A%2F%2Fwww.kabum.com.br%2Fproduto%2F130043","https://www.kabum.com.br/produto/130043","","","no","22/09/2026 16:07:55","Water Cooler Rise Mode Gamer Black, Rgb, 240mm, Amd/Intel, Preto - Rm-Wcb-02-Rgb",""
"4121223","Kabum BR","17729","promotion","","Teclado Mecânico Gamer Redragon Kumara, Anti-Ghosting, Rgb, Switch Outemu Brown, Abnt2, Preto, Pt - K552rgb-1 (Pt-Brown)","22/09/2026 00:00:00","22/09/2026 23:59:59","Creative & Construction","Brazil",".","https://www.awin1.com/cread.php?awinmid=17729&awinaffid=3077915&ued=https%3A%2F%2Fwww.kabum.com.br%2Fproduto%2F93160","https://www.kabum.com.br/produto/93160","","","no","22/09/2026 16:07:46","Teclado Mecânico Gamer Redragon Kumara, Anti-Ghosting, Rgb, Switch Outemu Brown, Abnt2, Preto, Pt - K552rgb-1 (Pt-Brown)",""
"4121222","Kabum BR","17729","promotion","","Fonte Mach1 Steady, 750w, 80 Plus Bronze, Pfc Ativo, Preto - 750steady","22/09/2026 00:00:00","22/09/2026 23:59:59","Creative & Construction","Brazil",".","https://www.awin1.com/cread.php?awinmid=17729&awinaffid=3077915&ued=https%3A%2F%2Fwww.kabum.com.br%2Fproduto%2F912176","https://www.kabum.com.br/produto/912176","","","no","22/09/2026 16:07:36","Fonte Mach1 Steady, 750w, 80 Plus Bronze, Pfc Ativo, Preto - 750steady",""
"4121221","Kabum BR","17729","promotion","","Monitor Gamer Curvo Husky Boreal 34"", Wqhd, Ultrawide, 200hz, 1ms, Adaptive Sync, Displayport E Hdmi, Hdr - Hmg00234pt","22/09/2026 00:00:00","22/09/2026 23:59:59","Creative & Construction","Brazil",".","https://www.awin1.com/cread.php?awinmid=17729&awinaffid=3077915&ued=https%3A%2F%2Fwww.kabum.com.br%2Fproduto%2F871300","https://www.kabum.com.br/produto/871300","","","no","22/09/2026 16:07:27","Monitor Gamer Curvo Husky Boreal 34"", Wqhd, Ultrawide, 200hz, 1ms, Adaptive Sync, Displayport E Hdmi, Hdr - Hmg00234pt",""
"4121219","Kabum BR","17729","promotion","","Ssd Rise Mode Gamer Line, 120gb, 2.5"", Sata Iii, Leitura: 530 Mb/S, Gravação: 520 Mb/S, Preto - Rm-Ssd-120","22/09/2026 00:00:00","22/09/2026 23:59:59","Creative & Construction","Brazil",".","https://www.awin1.com/cread.php?awinmid=17729&awinaffid=3077915&ued=https%3A%2F%2Fwww.kabum.com.br%2Fproduto%2F105104","https://www.kabum.com.br/produto/105104","","","no","22/09/2026 16:07:17","Ssd Rise Mode Gamer Line, 120gb, 2.5"", Sata Iii, Leitura: 530 Mb/S, Gravação: 520 Mb/S, Preto - Rm-Ssd-120",""
"4121217","Kabum BR","17729","promotion","","Placa De Vídeo Msi Rtx 3050 Lp Oc Nvidia Geforce, 6gb, Gddr6, 96-Bit, Low Profile - G3050lp6c","22/09/2026 00:00:00","22/09/2026 23:59:59","Creative & Construction","Brazil",".","https://www.awin1.com/cread.php?awinmid=17729&awinaffid=3077915&ued=https%3A%2F%2Fwww.kabum.com.br%2Fproduto%2F1012613","https://www.kabum.com.br/produto/1012613","","","no","22/09/2026 16:07:08","Placa De Vídeo Msi Rtx 3050 Lp Oc Nvidia Geforce, 6gb, Gddr6, 96-Bit, Low Profile - G3050lp6c",""
"4121215","Kabum BR","17729","promotion","","Memória Ram Kingston Fury Beast, 16gb, 5600mhz, Ddr5, Cl40, Para Intel Xmp, Preto - Kf556c40bb-16","22/09/2026 00:00:00","22/09/2026 23:59:59","Creative & Construction","Brazil",".","https://www.awin1.com/cread.php?awinmid=17729&awinaffid=3077915&ued=https%3A%2F%2Fwww.kabum.com.br%2Fproduto%2F285967","https://www.kabum.com.br/produto/285967","","","no","22/09/2026 16:06:58","Memória Ram Kingston Fury Beast, 16gb, 5600mhz, Ddr5, Cl40, Para Intel Xmp, Preto - Kf556c40bb-16",""
"4121213","Kabum BR","17729","promotion","","Fonte Xpg Core Reactor Ii Ve, 850w, 80 Plus Gold, Modular, Pfc Ativo, Preto - 75261436","22/09/2026 00:00:00","22/09/2026 23:59:59","Creative & Construction","Brazil",".","https://www.awin1.com/cread.php?awinmid=17729&awinaffid=3077915&ued=https%3A%2F%2Fwww.kabum.com.br%2Fproduto%2F514896","https://www.kabum.com.br/produto/514896","","","no","22/09/2026 16:06:48","Fonte Xpg Core Reactor Ii Ve, 850w, 80 Plus Gold, Modular, Pfc Ativo, Preto - 75261436",""
"4121210","Kabum BR","17729","promotion","","Monitor Gamer Curvo Asus Tuf 34"""", Wqhd, 250hz, 0.5ms, Fast Va, Freesync Premium, Altura Ajustável, Som Integrado, Preto - Vg34wqml5a","22/09/2026 00:00:00","22/09/2026 23:59:59","Creative & Construction","Brazil",".","https://www.awin1.com/cread.php?awinmid=17729&awinaffid=3077915&ued=https%3A%2F%2Fwww.kabum.com.br%2Fproduto%2F952751","https://www.kabum.com.br/produto/952751","","","no","22/09/2026 16:06:38","Monitor Gamer Curvo Asus Tuf 34"""", Wqhd, 250hz, 0.5ms, Fast Va, Freesync Premium, Altura Ajustável, Som Integrado, Preto - Vg34wqml5a",""
"4120974","Kabum BR","17729","voucher","MUNDOGAMER","Campanha Mundo Gamer - Ofertas Especiais para Gamers","22/09/2026 00:00:00","01/10/2026 23:59:59","Laptops","Brazil",".","https://www.awin1.com/cread.php?awinmid=17729&awinaffid=3077915&ued=https%3A%2F%2Fwww.kabum.com.br%2Fofertas%2Fmundogamer","https://www.kabum.com.br/ofertas/mundogamer","","","no","22/09/2026 12:22:16","Campanha Mundo Gamer - Ofertas Especiais para Gamers",""
"4120969","Kabum BR","17729","voucher","300OFF3D","R$300.00 OFF na Impressora 3D Bambu Lab A1 AMS Lite Kit Bivolt Área de Impressão 256x256x256mm Wi‑Fi Branco","22/09/2026 00:00:00","30/09/2026 10:00:00","Creative & Construction","Brazil",".","https://www.awin1.com/cread.php?awinmid=17729&awinaffid=3077915&ued=https%3A%2F%2Fwww.kabum.com.br%2Fproduto%2F1019424%2Fimpressora-3d-bambu-lab-a1-ams-lite-kit-bivolt-area-de-impressao-256x256x256mm-wi-fi-branco-pf002-a-sa005-bra","https://www.kabum.com.br/produto/1019424/impressora-3d-bambu-lab-a1-ams-lite-kit-bivolt-area-de-impressao-256x256x256mm-wi-fi-branco-pf002-a-sa005-bra","","","no","22/09/2026 12:21:39","R$300.00 OFF na Impressora 3D Bambu Lab A1 AMS Lite Kit Bivolt Área de Impressão 256x256x256mm Wi‑Fi Branco",""
"4120968","Kabum BR","17729","promotion","","Campanha Mundo Gamer - Ofertas Especiais para Gamers","22/09/2026 00:00:00","01/10/2026 23:59:59","Laptops","Brazil",".","https://www.awin1.com/cread.php?awinmid=17729&awinaffid=3077915&ued=https%3A%2F%2Fwww.kabum.com.br%2Fofertas%2Fmundogamer","https://www.kabum.com.br/ofertas/mundogamer","","","no","22/09/2026 12:21:31","Campanha Mundo Gamer - Ofertas Especiais para Gamers",""
"4120967","Kabum BR","17729","voucher","SHARK30","30% OFF em produtos participantes da promoção Shark","22/09/2026 00:00:00","24/09/2026 10:00:00","Home Appliances","Brazil",".","https://www.awin1.com/cread.php?awinmid=17729&awinaffid=3077915&ued=https%3A%2F%2Fwww.kabum.com.br%2Fpromocao%2FCP1SHARK30","https://www.kabum.com.br/promocao/CP1SHARK30","","","no","22/09/2026 12:21:27","30% OFF em produtos participantes da promoção Shark",""
"4117612","Kabum BR","17729","voucher","TCL15OFF","15% OFF na Smart TV TCL 50 QLED 4K P7L com Google TV e VRR","17/09/2026 00:00:00","30/09/2026 23:59:59","Home Appliances","Brazil",".","https://www.awin1.com/cread.php?awinmid=17729&awinaffid=3077915&ued=https%3A%2F%2Fwww.kabum.com.br%2Fproduto%2F1036371%2Fsmart-tv-tcl-50-qled-4k-p7l-wifi-bluetooth-google-tv-hdr10-120-hz-vrr-aipq-50p7l","https://www.kabum.com.br/produto/1036371/smart-tv-tcl-50-qled-4k-p7l-wifi-bluetooth-google-tv-hdr10-120-hz-vrr-aipq-50p7l","","","no","17/09/2026 14:34:13","15% OFF na Smart TV TCL 50 QLED 4K P7L com Google TV e VRR",""
"4117610","Kabum BR","17729","voucher","TCL10OFF","10% OFF em produtos TCL participantes da promoção","17/09/2026 00:00:00","30/09/2026 23:59:59","Home Appliances","Brazil",".","https://www.awin1.com/cread.php?awinmid=17729&awinaffid=3077915&ued=https%3A%2F%2Fwww.kabum.com.br%2Fpromocao%2FTCL10OFF","https://www.kabum.com.br/promocao/TCL10OFF","","","no","17/09/2026 14:34:01","10% OFF em produtos TCL participantes da promoção",""
"4117608","Kabum BR","17729","voucher","IMPRIMEJUNTO","12% OFF em produtos participantes da promoção Imprime Junto","17/09/2026 00:00:00","30/09/2026 23:00:00","Home Appliances","Brazil",".","https://www.awin1.com/cread.php?awinmid=17729&awinaffid=3077915&ued=https%3A%2F%2Fwww.kabum.com.br%2Fpromocao%2FIMPRIMEJUNTO","https://www.kabum.com.br/promocao/IMPRIMEJUNTO","","","no","17/09/2026 14:33:46","12% OFF em produtos participantes da promoção Imprime Junto",""
"4112319","Kabum BR","17729","voucher","FERICOS20","20% OFF em Periféricos","14/09/2026 00:00:00","30/09/2026 23:59:59","Home & Garden","Brazil",".","https://www.awin1.com/cread.php?awinmid=17729&awinaffid=3077915&ued=https%3A%2F%2Fwww.kabum.com.br%2Fpromocao%2FPERIFERICOS20","https://www.kabum.com.br/promocao/PERIFERICOS20","","","no","14/09/2026 16:08:19","20% OFF em Periféricos",""
"4111185","Kabum BR","17729","voucher","CASATECH15","15% OFF em itens selecionados para casa e tecnologia usando o cupom CASATECH15 aproveite a oferta especial por tempo limitado","14/09/2026 00:00:00","30/09/2026 12:00:00","Home & Garden","Brazil",".","https://www.awin1.com/cread.php?awinmid=17729&awinaffid=3077915&ued=https%3A%2F%2Fwww.kabum.com.br%2Fpromocao%2FCP2CASATECH15","https://www.kabum.com.br/promocao/CP2CASATECH15","","","no","14/09/2026 12:44:55","15% OFF em itens selecionados para casa e tecnologia usando o cupom CASATECH15 aproveite a oferta especial por tempo limitado",""
"4109129","Kabum BR","17729","voucher","COMPREJUNTOAPPLE","12% OFF em produtos Apple selecionados usando o cupom COMPREJUNTOAPPLE aproveite a oferta especial por tempo limitado","11/09/2026 00:00:00","15/10/2026 10:00:00","Home Appliances","Brazil","..","https://www.awin1.com/cread.php?awinmid=17729&awinaffid=3077915&ued=https%3A%2F%2Fwww.kabum.com.br%2Fpromocao%2FCOMPREJUNTOAPPLE","https://www.kabum.com.br/promocao/COMPREJUNTOAPPLE","","","no","11/09/2026 12:38:30","12% OFF em produtos Apple selecionados usando o cupom COMPREJUNTOAPPLE aproveite a oferta especial por tempo limitado",""
"4104411","Kabum BR","17729","voucher","15OFFNOPERI","15% OFF em periféricos selecionados usando o cupom 15OFFNOPERI aproveite a oferta especial por tempo limitado","09/09/2026 00:00:00","30/09/2026 10:00:00","Home Appliances","Brazil","..","https://www.awin1.com/cread.php?awinmid=17729&awinaffid=3077915&ued=https%3A%2F%2Fwww.kabum.com.br%2Fpromocao%2FCP115OFFNOPERI","https://www.kabum.com.br/promocao/CP115OFFNOPERI","","","no","09/09/2026 12:51:36","15% OFF em periféricos selecionados usando o cupom 15OFFNOPERI aproveite a oferta especial por tempo limitado",""
"4093925","Kabum BR","17729","voucher","LOFREE20","20% OFF em","02/09/2026 00:00:00","30/09/2026 20:00:00","Home Appliances","Brazil","..","https://www.awin1.com/cread.php?awinmid=17729&awinaffid=3077915&ued=https%3A%2F%2Fwww.kabum.com.br%2Fpromocao%2FCP1LOFREE20","https://www.kabum.com.br/promocao/CP1LOFREE20","","","no","02/09/2026 13:33:16","20% OFF em",""
"4089535","Kabum BR","17729","voucher","JBL25OFF","25% OFF em produtos JBL selecionados usando o cupom JBL25OFF aproveite a oferta especial por tempo limitado","31/08/2026 00:00:00","30/09/2026 23:59:00","Home Appliances","Brazil","..","https://www.awin1.com/cread.php?awinmid=17729&awinaffid=3077915&ued=https%3A%2F%2Fwww.kabum.com.br%2Fpromocao%2FCP3JBL25OFF","https://www.kabum.com.br/promocao/CP3JBL25OFF","","","no","31/08/2026 12:40:24","25% OFF em produtos JBL selecionados usando o cupom JBL25OFF aproveite a oferta especial por tempo limitado",""
"3443027","Kabum BR","17729","voucher","JBL25","25% OFF em produtos JBL. Oferta válida até o fim do mês!","19/09/2025 00:00:00","25/09/2027 23:59:59","Home Appliances","Brazil","..","https://www.awin1.com/cread.php?awinmid=17729&awinaffid=3077915&ued=https%3A%2F%2Fwww.kabum.com.br%2Fpromocao%2FCP3PJBL25OFF","https://www.kabum.com.br/promocao/CP3PJBL25OFF","","","no","18/09/2025 12:51:51","25% OFF em produtos JBL. Oferta válida até o fim do mês!",""
"3442953","Kabum BR","17729","voucher","ASROCK100","R$100 de desconto em produtos ASRock. Aproveite!","19/09/2025 00:00:00","25/09/2027 23:59:59","Home Appliances","Brazil","..","https://www.awin1.com/cread.php?awinmid=17729&awinaffid=3077915&ued=https%3A%2F%2Fwww.kabum.com.br%2Fpromocao%2FCP1SACY15","https://www.kabum.com.br/promocao/CP1SACY15","","","no","18/09/2025 12:46:48","R$100 de desconto em produtos ASRock. Aproveite!",""
"3442951","Kabum BR","17729","voucher","SACY15","15% OFF em produtos da Sacy. Promoção relâmpago!","19/09/2025 00:00:00","25/09/2027 23:59:59","Cosmetics & Skincare","Brazil","..","https://www.awin1.com/cread.php?awinmid=17729&awinaffid=3077915&ued=https%3A%2F%2Fwww.kabum.com.br%2Fpromocao%2FCP1SACY15","https://www.kabum.com.br/promocao/CP1SACY15","","","no","18/09/2025 12:46:46","15% OFF em produtos da Sacy. Promoção relâmpago!",""
"3442947","Kabum BR","17729","voucher","VGA8","8% de desconto exclusivo em produtos de VGA. Só hoje!","19/09/2025 00:00:00","25/09/2027 23:59:59","Home Appliances","Brazil","..","https://www.awin1.com/cread.php?awinmid=17729&awinaffid=3077915&ued=https%3A%2F%2Fwww.kabum.com.br%2Fpromocao%2FCP1CAPCOM10","https://www.kabum.com.br/promocao/CP1CAPCOM10","","","no","18/09/2025 12:46:44","8% de desconto exclusivo em produtos de VGA. Só hoje!",""
"3442943","Kabum BR","17729","voucher","DISC50","R$50 OFF em itens da promoção. Válido até 20/09!","19/09/2025 00:00:00","25/09/2027 23:59:59","Home Appliances","Brazil","..","https://www.awin1.com/cread.php?awinmid=17729&awinaffid=3077915&ued=https%3A%2F%2Fwww.kabum.com.br%2Fpromocao%2FCP1CAPCOM10","https://www.kabum.com.br/promocao/CP1CAPCOM10","","","no","18/09/2025 12:46:42","R$50 OFF em itens da promoção. Válido até 20/09!",""
"3442939","Kabum BR","17729","voucher","50YOTEI","R$50 de desconto em produtos selecionados. Não perca!","19/09/2025 00:00:00","25/09/2027 23:59:59","Home Appliances","Brazil","..","https://www.awin1.com/cread.php?awinmid=17729&awinaffid=3077915&ued=https%3A%2F%2Fwww.kabum.com.br%2Fpromocao%2FCP1CAPCOM10","https://www.kabum.com.br/promocao/CP1CAPCOM10","","","no","18/09/2025 12:46:41","R$50 de desconto em produtos selecionados. Não perca!",""
"3442935","Kabum BR","17729","voucher","PLAYNINJA10","10% de desconto em itens da linha PlayNinja. Oferta por tempo limitado!","19/09/2025 00:00:00","25/09/2027 23:59:59","Home Appliances","Brazil","..","https://www.awin1.com/cread.php?awinmid=17729&awinaffid=3077915&ued=https%3A%2F%2Fwww.kabum.com.br%2Fpromocao%2FCP1CAPCOM10","https://www.kabum.com.br/promocao/CP1CAPCOM10","","","no","18/09/2025 12:46:39","10% de desconto em itens da linha PlayNinja. Oferta por tempo limitado!",""
